num_pairs,star,name,ra,dec,culture,color
58,17772,Yai,3.805021,50.736767,tukano,#ae7b3a
43,78820,Aña,16.09062,-19.805453,tukano,#ae7b3a
43,78820,Ema (Guira-nhandu),16.09062,-19.805453,tupi,#d23958
42,60718,Veado,12.443311,-63.09909200000001,tupi,#d23958
39,1170,URimGuun,0.2440050000000001,-18.932866,korean,#2f8cae
35,57283,Shala,11.746049000000001,-18.350673999999998,seleucid,#fdd190
33,93174,Ifakoya,18.978721,-37.107357,lokono,#f6b8bb
31,111944,Giant,22.675233,44.276305,egyptian,#91b6a8
31,109492,Anta do Norte (Tapi'i),22.180908,58.201260999999995,tupi,#d23958
31,78554,Sarpele,16.038248,22.804454,romanian,#972549
28,27072,Sah,5.741057,-22.448382000000002,egyptian,#91b6a8
27,63003,器府,12.9099,-57.177924,chinese_medieval,#e36856
27,7588,Eridanus,1.628556,-57.236757,western,#5bc4c7
27,89931,Ar-Rami,18.3499,-29.828103000000002,arabic,#7d963a
26,26594,Kulkunbulla,5.653096,4.121467,boorong,#7eb9cb
26,110003,GU.LA (EA),22.280565,-7.783289999999999,mulapin,#f38b88
25,98032,Pabilsang,19.921026,-41.868288,seleucid,#fdd190
25,98032,Pabilsang,19.921026,-41.868288,mulapin,#f38b88
25,7588,An-Nahr,1.628556,-57.236757,arabic,#7d963a
25,26126,Kwakoya,5.571326,3.766895,lokono,#f6b8bb
24,80248,First Big One,16.383182,-7.2089360000000005,navajo,#6c7363
24,60718,GiGwan,12.443311,-63.09909200000001,korean,#2f8cae
24,110003,GU.LA,22.280565,-7.783289999999999,seleucid,#fdd190
24,89931,Sagittarius,18.3499,-29.828103000000002,western,#5bc4c7
23,33152,Unurgunite,6.902209,-24.184210999999998,boorong,#7eb9cb
23,67429,Revolving Male,13.819429000000001,51.483362,navajo,#6c7363
22,61418,Yhé,12.585489,18.377057999999998,tukano,#ae7b3a
22,25336,Homem Velho (Tuivae),5.418851,6.349702,tupi,#d23958
22,102624,Varsatorul,20.795621,-5.027701,romanian,#972549
22,113889,Crapii,23.064615,3.820045,romanian,#972549
22,59996,Ana Jaramillo de Velastegui (El Sapo),12.304692999999999,-63.28014200000001,northern_andes,#c3cf00
22,92175,Mercedes Cotacachi (El Mono),18.786242,-4.747866999999999,northern_andes,#c3cf00
22,57587,翼宿,11.806524000000001,-10.313105,chinese_medieval,#e36856
22,85696,Zuqaqipu,17.512732,-37.295811,seleucid,#fdd190
22,85696,Zuqaqipu,17.512732,-37.295811,mulapin,#f38b88
22,10324,Chitul,2.2166650000000003,8.846717,romanian,#972549
21,64394,Horus,13.197904000000001,27.878183,egyptian,#91b6a8
21,67301,Ad-Dubb Al-A'kbar,13.792354000000001,49.313265,arabic,#7d963a
21,26727,Orion,5.679313,-1.9425720000000002,western,#5bc4c7
21,115990,螣蛇,23.500536,58.548919999999995,chinese_medieval,#e36856
21,26727,Al-Jabbar,5.679313,-1.9425720000000002,arabic,#7d963a
20,92420,Hippopotamus,18.834665,33.362667,egyptian,#91b6a8
20,10324,Qayttas,2.2166650000000003,8.846717,arabic,#7d963a
20,10324,Cetus,2.2166650000000003,8.846717,western,#5bc4c7
20,42799,Ash-Shuja'a,8.720410000000001,3.3986620000000003,arabic,#7d963a
20,86414,Al-Jathi,17.657747,46.006332,arabic,#7d963a
20,22957,First Slim One,4.939521,13.514466,navajo,#6c7363
20,8068,Lulimu,1.727675,50.688732,seleucid,#fdd190
19,68895,Nirakh,14.106193,-26.682361,seleucid,#fdd190
19,67301,Carul Mare,13.792354000000001,49.313265,romanian,#972549
19,47908,Urgulu,9.764188,23.774255,seleucid,#fdd190
19,7719,Anunitu,1.655835,44.38616500000001,seleucid,#fdd190
19,4889,Al-Hut,1.0469709999999999,31.804263,arabic,#7d963a
19,1067,Mooz,0.220598,15.183596,ojibwe,#877b93
19,47908,Urgulu,9.764188,23.774255,mulapin,#f38b88
19,61941,Man with Feet Apart,12.694345,-1.449375,navajo,#6c7363
19,55282,iik,11.322347,-14.778541,korean,#2f8cae
19,4889,Pisces,1.0469709999999999,31.804263,western,#5bc4c7
19,68895,Nirakh,14.106193,-26.682361,mulapin,#f38b88
19,67301,Ursa Major,13.792354000000001,49.313265,western,#5bc4c7
18,81377,kakkab Zababa,16.619316,-10.567089999999999,seleucid,#fdd190
18,115438,Dahsiaw,23.382842,-20.100579999999997,tukano,#ae7b3a
18,64394,Awarhakoya,13.197904000000001,27.878183,lokono,#f6b8bb
18,42799,Hydra,8.720410000000001,3.3986620000000003,western,#5bc4c7
18,86414,Hercules,17.657747,46.006332,western,#5bc4c7
18,28910,Targlugallu,6.10259,-14.935254,seleucid,#fdd190
18,60018,郎位,12.308781,30.249046999999997,chinese_medieval,#e36856
18,79992,Omul,16.329010999999998,46.313365999999995,romanian,#972549
18,28910,Targlugallu,6.10259,-14.935254,mulapin,#f38b88
18,30438,As-Safinah,6.399195,-52.69566,arabic,#7d963a
18,12777,Lizard,2.736634,49.228448,navajo,#6c7363
17,33160,Al-Kalb Al-A'kbar,6.903167,-12.038628,arabic,#7d963a
17,33160,Canis Major,6.903167,-12.038628,western,#5bc4c7
17,81693,Katarokoya,16.688113,31.602726,lokono,#f6b8bb
17,65109,Numushda,13.343295999999999,-36.71229500000001,mulapin,#f38b88
17,65109,Numushda,13.343295999999999,-36.71229500000001,seleucid,#fdd190
17,115990,DeungSaa,23.500536,58.548919999999995,korean,#2f8cae
17,28614,Shidallu,6.039722,9.647276,seleucid,#fdd190
17,13268,Revolving Female,2.844945,55.895495999999994,navajo,#6c7363
17,5571,Zibati,1.1908940000000001,21.03465,seleucid,#fdd190
16,31681,Blizniuki,6.628528,16.399252,belarusian,#a9bbca
16,67459,Vacarul,13.824623,15.797904999999998,romanian,#972549
16,18246,Purra,3.9022,31.883634999999998,boorong,#7eb9cb
16,65474,Fecioara,13.419882999999999,-11.161322,romanian,#972549
16,18246,Shibu,3.9022,31.883634999999998,seleucid,#fdd190
16,32578,Estelina Quinatoa (El Jaguar),6.7976800000000015,2.412159,northern_andes,#c3cf00
16,18246,Shibu,3.9022,31.883634999999998,mulapin,#f38b88
16,41075,HeonWon,8.380588000000001,43.188131,korean,#2f8cae
16,3881,奎宿,0.830234,41.078911,chinese_medieval,#e36856
16,16369,Immeru,3.5145489999999997,12.936678,seleucid,#fdd190
16,44248,轩辕,9.010685,41.782911,chinese_medieval,#e36856
16,71683,Centaurus,14.660765,-60.833976,western,#5bc4c7
16,71683,Qanttorus,14.660765,-60.833976,arabic,#7d963a
16,31681,Gemini,6.628528,16.399252,western,#5bc4c7
16,31681,At-Tawa'man,6.628528,16.399252,arabic,#7d963a
15,92175,Eru,18.786242,-4.747866999999999,seleucid,#fdd190
15,3881,Gyu,0.830234,41.078911,korean,#2f8cae
15,106278,Ad-Dalw,21.525982,-5.571172,arabic,#7d963a
15,87585,Draco,17.892134,56.872643000000004,western,#5bc4c7
15,87585,Balaurul,17.892134,56.872643000000004,romanian,#972549
15,87585,Zmej,17.892134,56.872643000000004,belarusian,#a9bbca
15,18246,Barda,3.9022,31.883634999999998,romanian,#972549
15,6732,Shinunutu,1.4449100000000001,19.240422,mulapin,#f38b88
15,92175,Eru,18.786242,-4.747866999999999,mulapin,#f38b88
15,18543,天苑,3.967157,-13.508515,chinese_medieval,#e36856
14,18543,CheonWon,3.967157,-13.508515,korean,#2f8cae
14,89931,Al-Naayem,18.3499,-29.828103000000002,arabic_moon_stations,#7d963a
14,45238,Carina,9.220041,-69.717208,western,#5bc4c7
14,87585,At-Tinneen,17.892134,56.872643000000004,arabic,#7d963a
14,106278,Aquarius,21.525982,-5.571172,western,#5bc4c7
14,28910,Lepus,6.10259,-14.935254,western,#5bc4c7
14,28910,Al-A'rnab,6.10259,-14.935254,arabic,#7d963a
14,8886,Sarva the Elk,1.906584,63.670101,sami,#cdce7b
14,1067,Pegasus,0.220598,15.183596,western,#5bc4c7
14,8796,Bird,1.884696,29.578829,egyptian,#91b6a8
14,30343,Shidallu,6.3826730000000005,22.513586,mulapin,#f38b88
14,94114,鳖,19.157869,-37.904474,chinese_medieval,#e36856
14,48219,天庙,9.830931,-36.268463,chinese_medieval,#e36856
13,1067,Al-Faras Al-A'adham,0.220598,15.183596,arabic,#7d963a
13,100587,Wounded Ibex,20.397671,32.190172,armintxe,#ef9f30
13,78918,UR.IDIM,16.109873999999998,-36.802288,seleucid,#fdd190
13,26727,Nape,5.679313,-1.9425720000000002,dakota,#303258
13,107556,Sukhurmashu,21.784011,-16.127285999999998,seleucid,#fdd190
13,78918,UR.IDIM,16.109873999999998,-36.802288,mulapin,#f38b88
13,106481,U.KA.DU.A,21.56635,45.591837,mulapin,#f38b88
13,107556,Sukhurmashu,21.784011,-16.127285999999998,mulapin,#f38b88
13,77634,As-Sab'a,15.849316,-33.627165000000005,arabic,#7d963a
13,31700,军市,6.631506,-18.237478,chinese_medieval,#e36856
13,100751,Pavo,20.427459,-56.73509,western,#5bc4c7
13,12828,天囷,2.749039,10.114146,chinese_medieval,#e36856
13,118209,垒壁阵,23.977883,-3.5559830000000003,chinese_medieval,#e36856
13,108085,天垒城,21.898808,-37.364852,chinese_medieval,#e36856
13,92953,Byeol,18.938044,-42.710676,korean,#2f8cae
13,21248,Cheonwon,4.55849,-29.766492,korean,#2f8cae
13,67301,Ojiig,13.792354000000001,49.313265,ojibwe,#877b93
13,85927,Manaiakalani,17.560145000000002,-37.103821,hawaiian_starlines,#1e8871
13,77634,Lupus,15.849316,-33.627165000000005,western,#5bc4c7
12,25428,Taurus,5.438198000000001,28.60745,western,#5bc4c7
12,57380,Virgo,11.764322,6.529376,western,#5bc4c7
12,85927,Scorpius,17.560145000000002,-37.103821,western,#5bc4c7
12,84012,kakkab Zababa,17.172968,-15.724910000000001,mulapin,#f38b88
12,85927,Colotl Ixayac,17.560145000000002,-37.103821,aztec,#315c93
12,46880,CheonMyo,9.553461,-21.115722,korean,#2f8cae
12,49669,Mishibizhii-Gaadidnaway,10.139532,11.967207,ojibwe,#877b93
12,2599,Hernan Crespo Toral (El Guerrero),0.5499970000000001,62.931782999999996,northern_andes,#c3cf00
12,13954,CheonGyun,2.99525,8.907364999999997,korean,#2f8cae
12,5571,TokakiBoshi,1.1908940000000001,21.03465,japanese_moon_stations,#e8d668
12,25428,Ath-Thawr,5.438198000000001,28.60745,arabic,#7d963a
12,21248,天园,4.55849,-29.766492,chinese_medieval,#e36856
12,9487,Hehaka,2.0341169999999997,2.763759,dakota,#303258
12,60851,Bunya,12.472025,-64.34098900000001,boorong,#7eb9cb
12,85927,Al-'Aqrab,17.560145000000002,-37.103821,arabic,#7d963a
12,57380,Al-'Athra',11.764322,6.529376,arabic,#7d963a
12,80337,积卒,16.400354999999998,-39.19298,chinese_medieval,#e36856
12,17702,Tayamni,3.79141,24.105137,dakota,#303258
12,40526,Sek,8.275256,9.185545,egyptian,#91b6a8
12,102532,Pamõ,20.777639999999998,16.124295999999998,tukano,#ae7b3a
11,74785,Zibanitu,15.283449,-9.382916999999999,mulapin,#f38b88
11,92041,Arcasul,18.760939999999998,-26.990778000000002,romanian,#972549
11,107119,HwaGae,21.698652,71.311417,korean,#2f8cae
11,77516,Al-Hayyah,15.827001999999998,-3.4302080000000004,arabic,#7d963a
11,71795,Al-'Awwa',14.685820000000001,13.7283,arabic,#7d963a
11,105138,Second Ibex,21.298632,34.896898,armintxe,#ef9f30
11,57632,Lion,11.817663,14.57206,egyptian,#91b6a8
11,74785,Zibanitu,15.283449,-9.382916999999999,seleucid,#fdd190
11,116584,Nimru,23.626056,46.458152,seleucid,#fdd190
11,91262,Neilloan,18.61564,38.783691999999995,boorong,#7eb9cb
11,118268,Shinunutu,23.988525,6.863321000000001,seleucid,#fdd190
11,8068,天大将军,1.727675,50.688732,chinese_medieval,#e36856
11,107128,Boat,21.700192,-23.262857999999998,egyptian,#91b6a8
11,35904,Zuzeca,7.401584,-29.303103999999998,dakota,#303258
11,5348,Phoenix,1.139742,-55.24576,western,#5bc4c7
11,77516,Serpens,15.827001999999998,-3.4302080000000004,western,#5bc4c7
11,32349,Ke Ka o Makali`i,6.7524809999999995,-16.716116,hawaiian_starlines,#1e8871
10,74857,Scorpia,15.297178,-30.148673,romanian,#972549
10,92855,Kaan,18.92109,-26.296721999999995,maya,#caaba9
10,57632,Al-A'sad,11.817663,14.57206,arabic,#7d963a
10,84012,CheonShi,17.172968,-15.724910000000001,korean,#2f8cae
10,107556,Tapul,21.784011,-16.127285999999998,romanian,#972549
10,3300,天厩,0.7010810000000001,50.512526,chinese_medieval,#e36856
10,3881,Al-Risha,0.830234,41.078911,arabic_moon_stations,#7d963a
10,60742,sissinnu Eru,12.448966,28.268423,mulapin,#f38b88
10,80816,Kalbu,16.503667999999998,21.489613000000002,mulapin,#f38b88
10,76297,JeokJol,15.585681,-41.166757000000004,korean,#2f8cae
10,31681,Tu'amu rabutu,6.628528,16.399252,seleucid,#fdd190
10,89826,Crocodile,18.331031,36.064547,egyptian,#91b6a8
10,78820,Prow,16.09062,-19.805453,egyptian,#91b6a8
10,72622,Selkis,14.847976999999998,-16.041778,egyptian,#91b6a8
10,80816,Kalbu,16.503667999999998,21.489613000000002,seleucid,#fdd190
10,57632,Leo,11.817663,14.57206,western,#5bc4c7
10,80816,CheonShi,16.503667999999998,21.489613000000002,korean,#2f8cae
10,101076,CheonGu,20.489926,30.368554999999997,korean,#2f8cae
10,60742,sissinnu Eru,12.448966,28.268423,seleucid,#fdd190
10,97067,天渊,19.727116,-37.53876500000001,chinese_medieval,#e36856
10,38170,弧矢,7.8215710000000005,-24.859786,chinese_medieval,#e36856
10,17448,Hamil Ra's Al-Ghul,3.7386480000000004,32.288247999999996,arabic,#7d963a
10,80816,天市右垣,16.503667999999998,21.489613000000002,chinese_medieval,#e36856
10,39953,Vela,8.158876,-47.336588,western,#5bc4c7
10,17448,Perseus,3.7386480000000004,32.288247999999996,western,#5bc4c7
10,67459,Marpeankurrk,13.824623,15.797904999999998,boorong,#7eb9cb
10,17664,Lamankurrk,3.7831660000000014,24.520124,boorong,#7eb9cb
10,84379,天市左垣,17.250531,24.839204000000002,chinese_medieval,#e36856
10,37279,Biboonkeonini,7.655033,5.224993,ojibwe,#877b93
10,17448,Su Corru 'e Chervu,3.7386480000000004,32.288247999999996,sardinian,#d3bc93
10,110391,天钱,22.35988,-21.598229999999997,chinese_medieval,#e36856
9,21421,Alu,4.5986769999999995,16.509301,mulapin,#f38b88
9,677,Ka Lupe o Kawelo,0.139791,29.090432,hawaiian_starlines,#1e8871
9,57632,Ka`ohiweliweli,11.817663,14.57206,hawaiian_starlines,#1e8871
9,87585,Wakinyan,17.892134,56.872643000000004,dakota,#303258
9,104732,CheonJin,21.215607000000002,30.226915999999996,korean,#2f8cae
9,94779,Ad-Dajajah,19.28504,53.368458999999994,arabic,#7d963a
9,14146,Khabasiranu,3.039863,-23.624472,mulapin,#f38b88
9,94779,Num Sum,19.28504,53.368458999999994,mongolian,#67422f
9,18907,Kulte',4.052606,5.989305,maya,#caaba9
9,21421,Te-Ra-o-Tainui,4.5986769999999995,16.509301,maori,#454341
9,27366,терезии,5.795941,-9.669605,macedonian,#bdb6a9
9,10340,CheonJaangGuun,2.220369,44.231652000000004,korean,#2f8cae
9,22109,GuJuJuGu,4.758375,-3.254657,korean,#2f8cae
9,37819,Ho,7.7542490000000015,-37.968584,korean,#2f8cae
9,35350,DongJeong,7.30155,16.540383,korean,#2f8cae
9,113246,Nunu,22.932472,-32.539628,mulapin,#f38b88
9,53740,Al-Battiyah,10.996244,-18.298783,arabic,#7d963a
9,100064,Al-Jadi,20.300904,-12.544852,arabic,#7d963a
9,21421,Alu,4.5986769999999995,16.509301,seleucid,#fdd190
9,91875,Al-I'klil Al-Janobi,18.729706,-38.323440999999995,arabic,#7d963a
9,114131,Grus,23.11465,-43.520358,western,#5bc4c7
9,71795,Bootes,14.685820000000001,13.7283,western,#5bc4c7
9,94779,Cygnus,19.28504,53.368458999999994,western,#5bc4c7
9,49669,Calul,10.139532,11.967207,romanian,#972549
9,91875,Corona Australis,18.729706,-38.323440999999995,western,#5bc4c7
9,53740,Crater,10.996244,-18.298783,western,#5bc4c7
9,100064,Capricornus,20.300904,-12.544852,western,#5bc4c7
9,68282,库楼,13.977986999999999,-44.803584,chinese_medieval,#e36856
9,82396,尾宿,16.83608,-34.293232,chinese_medieval,#e36856
9,35350,井宿,7.30155,16.540383,chinese_medieval,#e36856
9,104732,天津,21.215607000000002,30.226915999999996,chinese_medieval,#e36856
9,77655,贯索,15.85387,35.657382,chinese_medieval,#e36856
9,20507,九州殊口,4.394680999999999,-3.7454699999999996,chinese_medieval,#e36856
9,94779,Ajijaak,19.28504,53.368458999999994,ojibwe,#877b93
9,14146,Khabasiranu,3.039863,-23.624472,seleucid,#fdd190
9,65245,Tourtchinboiongerra,13.370854999999999,30.291938000000002,boorong,#7eb9cb
9,74666,Rataj,15.258376,33.314833,belarusian,#a9bbca
9,100064,Kaziarog,20.300904,-12.544852,belarusian,#a9bbca
9,15371,Kourt-chin,3.3033089999999996,-62.506363,boorong,#7eb9cb
9,37826,Citlaltlachtli,7.755277,28.026199,aztec,#315c93
9,113246,Nunu,22.932472,-32.539628,seleucid,#fdd190
8,101589,Otchocut,20.588482,14.674213,boorong,#7eb9cb
8,20266,传舍,4.344541,65.14044100000001,chinese_medieval,#e36856
8,82396,Mulā,16.83608,-34.293232,indian,#d56a88
8,52943,TasukiBoshi,10.827079,-16.193648,japanese_moon_stations,#e8d668
8,30343,ChichiriBoshi,6.3826730000000005,22.513586,japanese_moon_stations,#e8d668
8,82396,AshitareBoshi,16.83608,-34.293232,japanese_moon_stations,#e8d668
8,88012,天籥,17.977514000000006,-28.759089000000003,chinese_medieval,#e36856
8,87563,天纪,17.888341,40.007959,chinese_medieval,#e36856
8,21402,天节,4.594239,10.160789999999999,chinese_medieval,#e36856
8,36366,Yurree,7.485195,31.78455,boorong,#7eb9cb
8,29696,座旗,6.256304,29.498076,chinese_medieval,#e36856
8,13268,天船,2.844945,55.895495999999994,chinese_medieval,#e36856
8,19949,CheonSeon,4.278638,53.611799,korean,#2f8cae
8,22783,PalGok,4.900836,66.342678,korean,#2f8cae
8,90191,CheonGii,18.40383,39.507239,korean,#2f8cae
8,82396,Mii,16.83608,-34.293232,korean,#2f8cae
8,116727,天钩,23.655820000000002,77.632276,chinese_medieval,#e36856
8,29919,八谷,6.298563,61.515285999999996,chinese_medieval,#e36856
8,37740,Mato Tipila,7.740792999999999,24.397993,dakota,#303258
8,98754,左旗,20.058338,16.031254999999998,chinese_medieval,#e36856
8,19461,杠(附华盖),4.167439,80.69868100000002,chinese_medieval,#e36856
8,20889,毕宿,4.476943,19.180431,chinese_medieval,#e36856
8,67927,SHU.PA,13.911411,18.397717,seleucid,#fdd190
8,41822,Allutu,8.526591999999999,18.09442,seleucid,#fdd190
8,31592,GuunShii,6.6113990000000005,-19.255879,korean,#2f8cae
8,96665,右旗,19.653234,5.397773,chinese_medieval,#e36856
8,17847,Nhorkoatero,3.819373,24.053415,tukano,#ae7b3a
8,17499,Utinoe gnezdo,3.747927,24.113339,siberian,#7c7773
8,25281,Tuinga ika,5.4079489999999995,-2.3971459999999998,tongan,#c7d5d6
8,101772,九坎,20.626116,-47.291502,chinese_medieval,#e36856
8,100195,天田(牛宿),20.323223000000002,-19.118533,chinese_medieval,#e36856
8,27989,Ka Hei-Hei o Na Keiki,5.919529,7.407063000000001,hawaiian_starlines,#1e8871
8,102098,Navigator's Triangle,20.690532,45.280338,hawaiian_starlines,#1e8871
8,68756,Two Poles,14.073165,64.37585,egyptian,#91b6a8
8,93526,CheonByeon,19.048472,-3.6989870000000002,korean,#2f8cae
8,99742,JwaGi,20.237949,15.197609,korean,#2f8cae
8,20884,九斿,4.475589,1.3808209999999999,chinese_medieval,#e36856
8,67927,SHU.PA,13.911411,18.397717,mulapin,#f38b88
8,93580,天弁,19.058958999999998,1.818768,chinese_medieval,#e36856
8,98036,Aquila,19.921886999999998,6.406763,western,#5bc4c7
8,72607,Maang,14.845104999999998,74.155505,ojibwe,#877b93
8,78820,Nanaboujou,16.09062,-19.805453,ojibwe,#877b93
8,107310,Crucea mare,21.73571,28.742632,romanian,#972549
8,113368,Al-Hut Al-Janubi,22.960838,-29.622235999999997,arabic,#7d963a
8,3693,Anunitu,0.788981,24.267178,mulapin,#f38b88
8,41822,Allutu,8.526591999999999,18.09442,mulapin,#f38b88
8,3521,八魁,0.7491869999999999,-42.676558,chinese_medieval,#e36856
8,82396,Te-Waka-o-Tama-Rereti,16.83608,-34.293232,maori,#454341
8,98036,Al-'Okab,19.921886999999998,6.406763,arabic,#7d963a
8,24010,参旗,5.161654,15.597232,chinese_medieval,#e36856
8,17847,Myo,3.819373,24.053415,korean,#2f8cae
8,23607,SaamGii,5.076153,15.404105,korean,#2f8cae
8,20889,Piil,4.476943,19.180431,korean,#2f8cae
7,27989,Sos Bacheddos,5.919529,7.407063000000001,sardinian,#d3bc93
7,39757,Puppis,8.125736999999999,-24.304323999999998,western,#5bc4c7
7,6686,Way Paat Ahiin,1.430216,60.235282999999995,maya,#caaba9
7,68895,Xoc,14.106193,-26.682361,maya,#caaba9
7,17702,Can Hd/Gleska Wakan,3.79141,24.105137,dakota,#303258
7,67301,To/Tun Win,13.792354000000001,49.313265,dakota,#303258
7,86032,Ophiuchus,17.582241,12.560035000000001,western,#5bc4c7
7,67301,Los',13.792354000000001,49.313265,siberian,#7c7773
7,746,Epinnu,0.152887,59.14978000000001,mulapin,#f38b88
7,67301,Doloon Burkhan,13.792354000000001,49.313265,mongolian,#67422f
7,746,Epinnu,0.152887,59.14978000000001,seleucid,#fdd190
7,39953,Mashkakatu,8.158876,-47.336588,seleucid,#fdd190
7,101916,Pagru,20.652161,10.086203,seleucid,#fdd190
7,67301,Bull's Foreleg,13.792354000000001,49.313265,egyptian,#91b6a8
7,93194,Enzu,18.982395,32.689557,seleucid,#fdd190
7,45860,Lynx,9.350925,34.392562,western,#5bc4c7
7,17847,Dilyehe,3.819373,24.053415,navajo,#6c7363
7,101916,Pagru,20.652161,10.086203,mulapin,#f38b88
7,93194,Enzu,18.982395,32.689557,mulapin,#f38b88
7,25930,Sioyahpu,5.5334449999999995,-0.299092,tukano,#ae7b3a
7,88714,Ara,18.11052,-50.09147700000001,western,#5bc4c7
7,37504,Volans,7.697004,-72.606098,western,#5bc4c7
7,17851,Flock,3.819782,24.136712,egyptian,#91b6a8
7,17851,Kṛittikā,3.819782,24.136712,indian,#d56a88
7,9505,DaeReung,2.038359,54.487541,korean,#2f8cae
7,51849,CheonGu,10.59314,-57.557635999999995,korean,#2f8cae
7,45336,Ryu,9.239405,2.31428,korean,#2f8cae
7,112961,NuByeokJin,22.876910000000002,-7.579599000000001,korean,#2f8cae
7,52085,Jaang,10.643042999999999,-16.876572,korean,#2f8cae
7,107235,GeoBuu,21.718465,41.15497,korean,#2f8cae
7,107418,Guu,21.757479999999997,61.12080600000001,korean,#2f8cae
7,23166,GuuYuu,4.983713,-16.376027,korean,#2f8cae
7,109786,CheonJeon,22.23834200000001,-21.074566,korean,#2f8cae
7,17851,Sakiattiak,3.819782,24.136712,inuit,#b5a63f
7,67301,Tukturjuit,13.792354000000001,49.313265,inuit,#b5a63f
7,29696,JwaGii,6.256304,29.498076,korean,#2f8cae
7,67301,Sos Sette Frades,13.792354000000001,49.313265,sardinian,#d3bc93
7,17851,S'Udrone,3.819782,24.136712,sardinian,#d3bc93
7,67301,Na Hiku,13.792354000000001,49.313265,hawaiian_starlines,#1e8871
7,37826,Fratii,7.755277,28.026199,romanian,#972549
7,76127,Hora,15.548829000000001,31.359133,romanian,#972549
7,11767,Carul mic,2.52975,89.26410899999998,romanian,#972549
7,67301,Anorhâkoya,13.792354000000001,49.313265,lokono,#f6b8bb
7,6686,La Flecha (Jorge Trujillo),1.430216,60.235282999999995,northern_andes,#c3cf00
7,67301,Man's Cart,13.792354000000001,49.313265,norse,#f4d2b7
7,11767,Woman's Cart,2.52975,89.26410899999998,norse,#f4d2b7
7,67301,арамии,13.792354000000001,49.313265,macedonian,#bdb6a9
7,11767,Ursa Minor,2.52975,89.26410899999998,western,#5bc4c7
7,78820,Al-Ikleel,16.09062,-19.805453,arabic_moon_stations,#7d963a
7,113881,Shil,23.062901,28.082789000000002,korean,#2f8cae
7,67301,Illyouo voz,13.792354000000001,49.313265,belarusian,#a9bbca
7,17847,Tianquiztli,3.819373,24.053415,aztec,#315c93
7,27989,Kreselca Pana Jezusa,5.919529,7.407063000000001,belarusian,#a9bbca
7,17847,Kurki,3.819373,24.053415,belarusian,#a9bbca
7,61359,轸宿,12.573121,-23.396759,chinese_medieval,#e36856
7,12692,大陵,2.717451,55.106018999999996,chinese_medieval,#e36856
7,42799,柳宿,8.720410000000001,3.3986620000000003,chinese_medieval,#e36856
7,11767,Ad-Dubb Al-A'sghar,2.52975,89.26410899999998,arabic,#7d963a
7,4427,王良,0.9451430000000001,60.71674,chinese_medieval,#e36856
7,46390,星宿,9.45979,-8.658603,chinese_medieval,#e36856
7,88714,Al-Mijmarah,18.11052,-50.09147700000001,arabic,#7d963a
7,86032,Al-Hawwa',17.582241,12.560035000000001,arabic,#7d963a
7,111944,车府,22.675233,44.276305,chinese_medieval,#e36856
7,75458,紫微左垣,15.415494,58.966065,chinese_medieval,#e36856
7,61468,青丘,12.595987,-41.021945,chinese_medieval,#e36856
7,4147,天溷,0.8834709999999999,-1.14426,chinese_medieval,#e36856
7,50785,Collowgulloric War,10.369569,-58.265572,boorong,#7eb9cb
7,11767,Maly Vos,2.52975,89.26410899999998,belarusian,#a9bbca
7,92953,Won,18.938044,-42.710676,boorong,#7eb9cb
6,32349,Dulaul,6.7524809999999995,-16.716116,romanian,#972549
6,8832,Berbecul,1.8921700000000001,19.293851999999998,romanian,#972549
6,76127,Al-I'klil Ash-Shamali,15.548829000000001,31.359133,arabic,#7d963a
6,109492,Al-Multaheb,22.180908,58.201260999999995,arabic,#7d963a
6,17489,昴宿,3.7467260000000002,24.28947,chinese_medieval,#e36856
6,28380,Auriga,5.995351,37.212585,western,#5bc4c7
6,113368,Piscis Austrinus,22.960838,-29.622235999999997,western,#5bc4c7
6,109937,Lacerta,22.26616,37.748737,western,#5bc4c7
6,61174,Corvus,12.534510000000001,-16.196007,western,#5bc4c7
6,76127,Corona Borealis,15.548829000000001,31.359133,western,#5bc4c7
6,29651,Monoceros,6.247592,-6.274776,western,#5bc4c7
6,30277,Columba,6.368564,-33.4364,western,#5bc4c7
6,109492,Cepheus,22.180908,58.201260999999995,western,#5bc4c7
6,43142,外厨,8.787496,-1.8970330000000002,chinese_medieval,#e36856
6,9487,外屏,2.0341169999999997,2.763759,chinese_medieval,#e36856
6,100345,牛宿,20.350187,-14.781367000000001,chinese_medieval,#e36856
6,10054,六甲,2.157062,81.29594499999997,chinese_medieval,#e36856
6,37447,天狗,7.687454,-9.551131,chinese_medieval,#e36856
6,51814,天牢,10.586017,57.082637,chinese_medieval,#e36856
6,17847,Yôkoro wiwa,3.819373,24.053415,lokono,#f6b8bb
6,78493,софра,16.024047,29.851060999999998,macedonian,#bdb6a9
6,78493,ʻAo ʻo ʻUvea,16.024047,29.851060999999998,tongan,#c7d5d6
6,20889,Su Pinnetu,4.476943,19.180431,sardinian,#d3bc93
6,25428,Sa Mandra,5.438198000000001,28.60745,sardinian,#d3bc93
6,76127,Madoodiswan,15.548829000000001,31.359133,ojibwe,#877b93
6,61174,Al-Ghurab,12.534510000000001,-16.196007,arabic,#7d963a
6,28380,Momsek Al-A'aennah,5.995351,37.212585,arabic,#7d963a
6,48356,张宿,9.85797,-14.846603,chinese_medieval,#e36856
6,96757,Horse Head,19.668275,18.01389,armintxe,#ef9f30
6,21421,Taurul,4.5986769999999995,16.509301,romanian,#972549
6,25336,Rarita,5.418851,6.349702,romanian,#972549
6,9640,Jgheabul si putul,2.064984,42.329725,romanian,#972549
6,8886,Tronul,1.906584,63.670101,romanian,#972549
6,11767,Xonecuilli,2.52975,89.26410899999998,aztec,#315c93
6,54061,Sipé Phairó,11.062155,61.75103299999999,tukano,#ae7b3a
6,21421,Vierii,4.5986769999999995,16.509301,romanian,#972549
6,86565,市楼,17.690243,-12.875307000000001,chinese_medieval,#e36856
6,27989,参宿,5.919529,7.407063000000001,chinese_medieval,#e36856
6,59856,常陈,12.275039999999999,33.061527000000005,chinese_medieval,#e36856
6,117447,Big Bison,23.813937,62.214516,armintxe,#ef9f30
6,68756,紫微右垣,14.073165,64.37585,chinese_medieval,#e36856
6,17847,Vespeiro (Eixu),3.819373,24.053415,tupi,#d23958
6,9884,Cansasa Pusyapi,2.119555,23.462423,dakota,#303258
6,76127,Su Ballu de sas Fiuda,15.548829000000001,31.359133,sardinian,#d3bc93
6,83947,七公,17.159238000000002,40.777033,chinese_medieval,#e36856
6,76127,Karona,15.548829000000001,31.359133,belarusian,#a9bbca
6,70027,亢池,14.329232999999999,16.306948000000002,chinese_medieval,#e36856
6,92549,扶筐,18.859712,52.975117000000004,chinese_medieval,#e36856
6,71295,折威,14.580758,-20.439381,chinese_medieval,#e36856
6,42402,NurikoBoshi,8.645955,3.3414349999999997,japanese_moon_stations,#e8d668
6,9480,华盖,2.032644,70.90701999999997,chinese_medieval,#e36856
6,54061,北斗,11.062155,61.75103299999999,chinese_medieval,#e36856
6,17847,квачка,3.819373,24.053415,macedonian,#bdb6a9
6,41704,MunChang,8.504431,60.718168999999996,korean,#2f8cae
6,78820,Djuit,16.09062,-19.805453,boorong,#7eb9cb
6,102208,Gaang,20.709754999999998,82.53115799999998,korean,#2f8cae
6,3504,GaakDo,0.74542,48.284364000000004,korean,#2f8cae
6,76127,Aurvandil's Toe,15.548829000000001,31.359133,norse,#f4d2b7
6,28380,The Asar Battlefield,5.995351,37.212585,norse,#f4d2b7
6,47431,Seong,9.664267,-1.14281,korean,#2f8cae
6,8833,WaeByeong,1.892597,3.187536,korean,#2f8cae
6,89908,JaMi,18.345955,71.337814,korean,#2f8cae
6,81833,ChilGong,16.714933,38.922253999999995,korean,#2f8cae
6,61359,Jin,12.573121,-23.396759,korean,#2f8cae
6,67301,BukDuu,13.792354000000001,49.313265,korean,#2f8cae
6,96229,UuGi,19.568153,7.378941,korean,#2f8cae
6,53043,CheonRyoe,10.853067,56.58225,korean,#2f8cae
6,78493,GwanSak,16.024047,29.851060999999998,korean,#2f8cae
6,100064,GyeonUu,20.300904,-12.544852,korean,#2f8cae
6,84402,ShiRuu,17.255635,-14.58414,korean,#2f8cae
6,91755,BuuGwang,18.710542999999998,55.53945699999999,korean,#2f8cae
6,21273,CheonJeol,4.564143,14.844423999999998,korean,#2f8cae
6,27989,Saam,5.919529,7.407063000000001,korean,#2f8cae
6,9598,JeonSaa,2.057268,72.42129399999997,korean,#2f8cae
6,104139,CheonRuSeong,21.099118,-17.232861,korean,#2f8cae
6,69612,HangJii,14.247457999999998,10.100610000000001,korean,#2f8cae
6,22701,Collowgulloric Warepil,4.881575,-5.452694999999999,boorong,#7eb9cb
6,67301,Ereqqu,13.792354000000001,49.313265,seleucid,#fdd190
6,39953,Mashkakatu,8.158876,-47.336588,mulapin,#f38b88
6,76127,kakkab balti,15.548829000000001,31.359133,mulapin,#f38b88
6,11767,MU.BU.KESH.DA,2.52975,89.26410899999998,mulapin,#f38b88
6,85927,Karik Karik,17.560145000000002,-37.103821,boorong,#7eb9cb
6,67301,Ereqqu,13.792354000000001,49.313265,mulapin,#f38b88
6,96229,Totyarguil,19.568153,7.378941,boorong,#7eb9cb
6,93174,Makurru,18.978721,-37.107357,seleucid,#fdd190
6,11767,MU.BU.KESH.DA,2.52975,89.26410899999998,seleucid,#fdd190
6,76127,kakkab balti,15.548829000000001,31.359133,seleucid,#fdd190
6,37740,Wanjel,7.740792999999999,24.397993,boorong,#7eb9cb
5,67494,JeolWii,13.831191,-18.134168,korean,#2f8cae
5,61394,SangJiin,12.580857,22.629259,korean,#2f8cae
5,1562,CheonChang,0.323799,-8.823921,korean,#2f8cae
5,60965,Hasta,12.497739,-16.515432,indian,#d56a88
5,12332,JwaGyeong,2.646943,21.961408,korean,#2f8cae
5,103294,PaeGwa,20.926858,13.721535999999999,korean,#2f8cae
5,61281,JaMi,12.558058,69.788238,korean,#2f8cae
5,41307,WaeJuu,8.427676,-3.906424,korean,#2f8cae
5,9110,UuGyeong,1.955848,17.817532,korean,#2f8cae
5,95081,CheonJu,19.344467,65.71453100000001,korean,#2f8cae
5,89341,NaamDoo,18.229392,-21.058834,korean,#2f8cae
5,47594,NaeGae,9.704137,69.237537,korean,#2f8cae
5,17529,GwonSeol,3.753232,42.578549,korean,#2f8cae
5,101483,败瓜,20.565845,13.027255,chinese_medieval,#e36856
5,17702,Bagone Giizhig,3.79141,24.105137,ojibwe,#877b93
5,86092,Ku,17.594332,-46.505684,korean,#2f8cae
5,11767,Ka Iwikuamo`o,2.52975,89.26410899999998,hawaiian_starlines,#1e8871
5,102532,Gwa,20.777639999999998,16.124295999999998,korean,#2f8cae
5,28360,OoGeo,5.9921489999999995,44.947433000000004,korean,#2f8cae
5,112519,GuJiin,22.791377999999998,83.15383,korean,#2f8cae
5,79414,CheonJu,16.207047,67.144176,korean,#2f8cae
5,6061,CheonHoun,1.2966540000000002,3.614466,korean,#2f8cae
5,49669,Sa Frache,10.139532,11.967207,sardinian,#d3bc93
5,44127,SaamTae,8.986828,48.041826,korean,#2f8cae
5,47452,ChirikoBoshi,9.671768,-14.332292,japanese_moon_stations,#e8d668
5,73776,Berm-Berm-Gle,15.080029999999999,-64.03135,boorong,#7eb9cb
5,20205,Vuzhy,4.329889,15.627642000000002,belarusian,#a9bbca
5,67301,Favdna's Bow and Arrow,13.792354000000001,49.313265,sami,#cdce7b
5,59199,Aribu,12.140225,-24.728875,seleucid,#fdd190
5,32349,Shukudu,6.7524809999999995,-16.716116,seleucid,#fdd190
5,39757,Qashtu,8.125736999999999,-24.304323999999998,seleucid,#fdd190
5,96837,Shakhu,19.68415,17.476041,seleucid,#fdd190
5,17847,"Zappu, Sebettu",3.819373,24.053415,seleucid,#fdd190
5,87833,MAR.GID.DA.AN.NA,17.943437,51.488895,seleucid,#fdd190
5,17847,Al-Thurraya,3.819373,24.053415,arabic_moon_stations,#7d963a
5,47431,HotohoriBoshi,9.664267,-1.14281,japanese_moon_stations,#e8d668
5,43409,Jiik,8.842203999999997,-27.709844,korean,#2f8cae
5,27989,KagasukiBoshi,5.919529,7.407063000000001,japanese_moon_stations,#e8d668
5,102098,Sa Rughe de Santu Antinu,20.690532,45.280338,sardinian,#d3bc93
5,8886,Uqsuutaattiaq,1.906584,63.670101,inuit,#b5a63f
5,26727,Mamalhuaztli,5.679313,-1.9425720000000002,aztec,#315c93
5,39953,CheonSa,8.158876,-47.336588,korean,#2f8cae
5,60965,Corbul,12.497739,-16.515432,romanian,#972549
5,91262,Ciobanul cu oile,18.61564,38.783691999999995,romanian,#972549
5,26237,Secera,5.589768,-4.838358,romanian,#972549
5,116727,Coasa,23.655820000000002,77.632276,romanian,#972549
5,17847,Closca cu pui,3.819373,24.053415,romanian,#972549
5,91262,Niavesta,18.61564,38.783691999999995,belarusian,#a9bbca
5,17954,JaeWaang,3.838593,25.579362,korean,#2f8cae
5,44127,,8.986828,48.041826,chinese_medieval,#e36856
5,78893,尚书,16.105475,67.81013399999999,chinese_medieval,#e36856
5,17529,卷舌,3.753232,42.578549,chinese_medieval,#e36856
5,93085,建,18.962167,-21.106654000000002,chinese_medieval,#e36856
5,20205,Queixada da Anta (Tapi'i rainhyka),4.329889,15.627642000000002,tupi,#d23958
5,102532,瓠瓜,20.777639999999998,16.124295999999998,chinese_medieval,#e36856
5,17702,Wicincala Sakowin,3.79141,24.105137,dakota,#303258
5,10795,左更,2.316097,23.167815,chinese_medieval,#e36856
5,97165,Ahdeska/Agleska,19.749574,45.13081,dakota,#303258
5,9347,天仓,2.000084,-21.077831,chinese_medieval,#e36856
5,100965,天柱,20.470686999999998,81.422708,chinese_medieval,#e36856
5,5434,阁道,1.158368,47.241792,chinese_medieval,#e36856
5,44816,天稷,9.133268,-43.432589,chinese_medieval,#e36856
5,37819,天社,7.7542490000000015,-37.968584,chinese_medieval,#e36856
5,112833,勾陈,22.850818,85.373739,chinese_medieval,#e36856
5,5364,Zool,1.1431639999999998,-10.182264,maya,#caaba9
5,12832,Ch'oom,2.7493279999999998,12.445761,maya,#caaba9
5,39757,Qashtu,8.125736999999999,-24.304323999999998,mulapin,#f38b88
5,32349,Shukudu,6.7524809999999995,-16.716116,mulapin,#f38b88
5,59199,Aribu,12.140225,-24.728875,mulapin,#f38b88
5,87833,MAR.GID.DA AN.NA,17.943437,51.488895,mulapin,#f38b88
5,91262,As-Sulhofat,18.61564,38.783691999999995,arabic,#7d963a
5,677,Al-Mara'ah Al-Musalsalah,0.139791,29.090432,arabic,#7d963a
5,17847,"Zappu, Sebettu",3.819373,24.053415,mulapin,#f38b88
5,97290,Al-Baldah,19.772707,-19.761113,arabic_moon_stations,#7d963a
5,114724,Mhua,23.238711,-6.049003,tukano,#ae7b3a
5,7981,右更,1.7082700000000002,20.268504,chinese_medieval,#e36856
5,117020,雷电,23.722878,10.331536,chinese_medieval,#e36856
5,46733,文昌,9.525453,63.061861,chinese_medieval,#e36856
5,25539,诸王,5.460579,21.936965,chinese_medieval,#e36856
5,43103,Cancer,8.778284,28.759898,western,#5bc4c7
5,89341,斗宿,18.229392,-21.058834,chinese_medieval,#e36856
5,96837,Shakhu,19.68415,17.476041,mulapin,#f38b88
5,79509,Norma,16.224648000000002,-54.630467,western,#5bc4c7
5,677,Andromeda,0.139791,29.090432,western,#5bc4c7
5,27100,Dorado,5.7462230000000005,-65.73552600000001,western,#5bc4c7
5,101421,Delphinus,20.553547000000002,11.303263000000001,western,#5bc4c7
5,92175,Scutum,18.786242,-4.747866999999999,western,#5bc4c7
5,97804,Double Horse,19.874547,1.0056610000000001,armintxe,#ef9f30
5,16228,Camelopardalis,3.484482,59.94033,western,#5bc4c7
5,91262,Lyra,18.61564,38.783691999999995,western,#5bc4c7
5,77853,Al-Mizan,15.897093,-16.729293,arabic,#7d963a
5,101421,Ad-Dulfin,20.553547000000002,11.303263000000001,arabic,#7d963a
5,43103,As-Sarattan,8.778284,28.759898,arabic,#7d963a
5,77853,Libra,15.897093,-16.729293,western,#5bc4c7
4,57757,太微右垣,11.844922,1.764718,chinese_medieval,#e36856
4,8903,Agru,1.910668,20.808035,mulapin,#f38b88
4,105199,Sisu,21.30963,62.585573,mulapin,#f38b88
4,677,Iku,0.139791,29.090432,mulapin,#f38b88
4,3419,Ninmakh,0.72649,-17.986604999999994,mulapin,#f38b88
4,32402,War,6.764922,-52.409690999999995,boorong,#7eb9cb
4,57380,Shir'u,11.764322,6.529376,mulapin,#f38b88
4,8886,Hun Tavan Od,1.906584,63.670101,mongolian,#67422f
4,21421,is le,4.5986769999999995,16.509301,mulapin,#f38b88
4,3419,Ninmakh,0.72649,-17.986604999999994,seleucid,#fdd190
4,73507,天床,15.024195,60.204453,chinese_medieval,#e36856
4,57045,势,11.695418,55.172011,chinese_medieval,#e36856
4,41816,爟,8.525145,24.081104999999997,chinese_medieval,#e36856
4,58159,五帝座,11.927926,15.646818,chinese_medieval,#e36856
4,57477,天理,11.782116,55.628190000000004,chinese_medieval,#e36856
4,62886,五诸侯(太微垣),12.888263,21.244943,chinese_medieval,#e36856
4,21421,is le,4.5986769999999995,16.509301,seleucid,#fdd190
4,677,Iku,0.139791,29.090432,seleucid,#fdd190
4,105199,Sisu,21.30963,62.585573,seleucid,#fdd190
4,41822,鬼宿,8.526591999999999,18.09442,chinese_medieval,#e36856
4,8886,Two Jaws,1.906584,63.670101,egyptian,#91b6a8
4,29038,水府,6.126201,14.768472000000001,chinese_medieval,#e36856
4,24879,CheonHwang,5.333589,33.958054,korean,#2f8cae
4,43103,Gwan,8.778284,28.759898,korean,#2f8cae
4,54872,TaeMi,11.235138000000001,20.523717,korean,#2f8cae
4,75974,SaangSeo,15.515514000000001,64.20869300000001,korean,#2f8cae
4,29704,SuuBuu,6.25698,16.143175,korean,#2f8cae
4,114389,JeonNwoe,23.167072,9.822082,korean,#2f8cae
4,19799,CheonEum,4.243398,10.011406,korean,#2f8cae
4,94648,OJeJwa,19.259229,73.355468,korean,#2f8cae
4,37740,OJeHuu,7.740792999999999,24.397993,korean,#2f8cae
4,26777,CheonGo,5.6882550000000025,16.534148000000002,korean,#2f8cae
4,44390,内阶,9.04242,67.62961899999999,chinese_medieval,#e36856
4,83000,Duu,16.961139000000006,9.375033,korean,#2f8cae
4,75097,BukGeuk,15.345482999999998,71.834016,korean,#2f8cae
4,80480,YeoEoGwan,16.428739999999998,78.963854,korean,#2f8cae
4,95176,Geon,19.362117,-15.955017999999999,korean,#2f8cae
4,59819,OZehu,12.266719,14.899071,korean,#2f8cae
4,106140,iinSeong,21.499137,23.638838,korean,#2f8cae
4,52727,DonGu,10.779488,-49.420255,korean,#2f8cae
4,109592,ChoBo,22.20056,60.759094999999995,korean,#2f8cae
4,42806,Kwii,8.721430999999999,21.468501,korean,#2f8cae
4,87585,CheonBae,17.892134,56.872643000000004,korean,#2f8cae
4,4427,WaangRaang,0.9451430000000001,60.71674,korean,#2f8cae
4,118268,ByeokRyeok,23.988525,6.863321000000001,korean,#2f8cae
4,33018,五诸侯(井宿),6.879816,33.961254,chinese_medieval,#e36856
4,11783,刍藁,2.534786,-15.244677,chinese_medieval,#e36856
4,75097,北极,15.345482999999998,71.834016,chinese_medieval,#e36856
4,63608,Al-Uwwa,13.036278,10.95915,arabic_moon_stations,#7d963a
4,21421,Al-Debran,4.5986769999999995,16.509301,arabic_moon_stations,#7d963a
4,87585,天棓,17.892134,56.872643000000004,chinese_medieval,#e36856
4,110991,造父,22.486183,58.415198,chinese_medieval,#e36856
4,107763,人,21.830748,30.174215000000004,chinese_medieval,#e36856
4,92862,辇道,18.922249,43.946088,chinese_medieval,#e36856
4,78820,房宿,16.09062,-19.805453,chinese_medieval,#e36856
4,118268,霹雳,23.988525,6.863321000000001,chinese_medieval,#e36856
4,98066,狗国,19.930651,-26.299506,chinese_medieval,#e36856
4,6502,𫓧锧,1.391933,-30.945617,chinese_medieval,#e36856
4,84720,龟,17.317655,-46.636235,chinese_medieval,#e36856
4,21421,Wolf's Mouth,4.5986769999999995,16.509301,norse,#f4d2b7
4,64241,TaeMi,13.166469000000001,17.529431,korean,#2f8cae
4,91217,JongDaeBuu,18.607731,9.122491,korean,#2f8cae
4,113963,室宿,23.079348,15.205264000000001,chinese_medieval,#e36856
4,97433,天厨,19.80285,70.26793,chinese_medieval,#e36856
4,25475,天潢,5.447578,33.262258,chinese_medieval,#e36856
4,47908,Oceti,9.764188,23.774255,dakota,#303258
4,23015,五车,4.9498940000000005,33.166090000000004,chinese_medieval,#e36856
4,112519,五帝内座,22.791377999999998,83.15383,chinese_medieval,#e36856
4,8886,Cassiopeia,1.906584,63.670101,western,#5bc4c7
4,107418,Little Bison,21.757479999999997,61.12080600000001,armintxe,#ef9f30
4,8886,Kapakau'o'tafahi,1.906584,63.670101,tongan,#c7d5d6
4,15737,天阴,3.379234,20.742069,chinese_medieval,#e36856
4,53773,东瓯,11.002572,-42.225859,chinese_medieval,#e36856
4,83000,斗,16.961139000000006,9.375033,chinese_medieval,#e36856
4,80763,Siina'an,16.490128,-26.432002,maya,#caaba9
4,110351,The River,22.350428,46.536569,armintxe,#ef9f30
4,25859,Porumbita,5.5202089999999995,-35.470519,romanian,#972549
4,24608,Capra,5.27815,45.997991,romanian,#972549
4,73714,Cantarul,15.067839000000001,-25.281965,romanian,#972549
4,44066,Racul,8.974784,11.857700999999999,romanian,#972549
4,105898,Dead Ibex,21.447668,48.835167999999996,armintxe,#ef9f30
4,102635,Second Horse,20.797025,47.831869,armintxe,#ef9f30
4,105199,Lions ,21.30963,62.585573,armintxe,#ef9f30
4,43109,Aśleṣā,8.779587,6.4188089999999995,indian,#d56a88
4,1067,Keya,0.220598,15.183596,dakota,#303258
4,21421,Qimmiitt,4.5986769999999995,16.509301,inuit,#b5a63f
4,26241,Kichigi,5.5905510000000005,-5.9099010000000005,siberian,#7c7773
4,100453,сврдел,20.370473,40.256679,macedonian,#bdb6a9
4,42628,Stars of Water,8.687586,20.476905,egyptian,#91b6a8
4,12828,Sheepfold,2.749039,10.114146,egyptian,#91b6a8
4,60129,太微左垣,12.331766,-0.6668029999999999,chinese_medieval,#e36856
4,93174,Net,18.978721,-37.107357,egyptian,#91b6a8
4,21421,Kama tâla,4.5986769999999995,16.509301,lokono,#f6b8bb
4,1067,Yorhada,0.220598,15.183596,lokono,#f6b8bb
4,21421,Tu'ulalupe,4.5986769999999995,16.509301,tongan,#c7d5d6
4,20889,Jaw,4.476943,19.180431,egyptian,#91b6a8
4,34444,Kenemet,7.139857000000001,-26.3932,egyptian,#91b6a8
4,45941,Chematy,9.368561999999999,-55.010668,egyptian,#91b6a8
4,77760,Noondeshin Bemaadizid,15.877903,42.451518,ojibwe,#877b93
4,61084,Waty Bekety,12.519428999999999,-57.113212,egyptian,#91b6a8
4,108085,Sheep,21.898808,-37.364852,egyptian,#91b6a8
4,60965,Me`e,12.497739,-16.515432,hawaiian_starlines,#1e8871
4,8886,`Iwa Keli`i,1.906584,63.670101,hawaiian_starlines,#1e8871
4,99655,Dead Horse,20.223288,56.567721999999996,armintxe,#ef9f30
4,21421,Waikasa,4.5986769999999995,16.509301,tukano,#ae7b3a
4,21421,Matakarehu,4.5986769999999995,16.509301,maori,#454341
4,2021,Hydrus,0.42791599999999996,-77.25424699999998,western,#5bc4c7
4,59316,MitsukakeBoshi,12.168746,-22.619766000000002,japanese_moon_stations,#e8d668
4,102618,UrukiBoshi,20.794598,-9.495776,japanese_moon_stations,#e8d668
4,74392,TomoBoshi,15.203692000000002,-19.791710000000002,japanese_moon_stations,#e8d668
4,102098,Petrou Krest,20.690532,45.280338,belarusian,#a9bbca
4,42911,TamahomeBoshi,8.74475,18.154309,japanese_moon_stations,#e8d668
4,7506,Yerredetkurrk,1.6124399999999999,-58.270966,boorong,#7eb9cb
4,62322,Musca,12.771346000000001,-68.10811899999999,western,#5bc4c7
4,17499,SubaruBoshi,3.747927,24.113339,japanese_moon_stations,#e8d668
4,104521,Equuleus,21.172361,10.131578999999999,western,#5bc4c7
4,53229,Leo Minor,10.888525999999999,34.214871,western,#5bc4c7
4,19780,Reticulum,4.240404,-62.47385799999999,western,#5bc4c7
4,8886,Sa Tona,1.906584,63.670101,sardinian,#d3bc93
4,89931,MiBoshi,18.3499,-29.828103000000002,japanese_moon_stations,#e8d668
4,20889,AmefuriBoshi,4.476943,19.180431,japanese_moon_stations,#e8d668
4,96837,As-Sahm,19.68415,17.476041,arabic,#7d963a
4,8886,That Al-Korsi,1.906584,63.670101,arabic,#7d963a
4,104521,Qett'at Al-Faras,21.172361,10.131578999999999,arabic,#7d963a
4,22176,天高,4.7713410000000005,18.734693,chinese_medieval,#e36856
4,30324,Warepil,6.378329,-17.955918,boorong,#7eb9cb
4,96837,Sagitta,19.68415,17.476041,western,#5bc4c7
4,60718,Yurara,12.443311,-63.09909200000001,tukano,#ae7b3a
4,93864,HikitsuBoshi,19.11567,-27.670423,japanese_moon_stations,#e8d668
3,67464,衡,13.825078,-41.68770900000001,chinese_medieval,#e36856
3,88601,宗人,18.090913,2.500099,chinese_medieval,#e36856
3,117887,云雨,23.912951,0.10930899999999999,chinese_medieval,#e36856
3,88635,箕宿,18.096803,-30.424090999999997,chinese_medieval,#e36856
3,19205,砺石,4.116795,29.001299,chinese_medieval,#e36856
3,82802,宦者,16.922825,18.433213000000002,chinese_medieval,#e36856
3,69427,亢宿,14.214929000000001,-10.273702,chinese_medieval,#e36856
3,8209,CheonYu,1.760763,-25.05261,korean,#2f8cae
3,52457,长垣,10.7236,23.188404000000002,chinese_medieval,#e36856
3,78820,Baang,16.09062,-19.805453,korean,#2f8cae
3,96950,GuuGuuk,19.708648,-16.123995999999998,korean,#2f8cae
3,102485,PaeGuu,20.76826,-25.27089800000001,korean,#2f8cae
3,44066,JuuGii,8.974784,11.857700999999999,korean,#2f8cae
3,101936,iiJuu,20.656914,0.48644499999999996,korean,#2f8cae
3,66234,SamGong,13.57425,49.015972999999995,korean,#2f8cae
3,110672,BunMyo,22.421284,1.377401,korean,#2f8cae
3,48833,NaePyeong,9.96141,41.055633,korean,#2f8cae
3,80815,DongHaam,16.503466,-25.115223999999998,korean,#2f8cae
3,52419,TouSaaGong,10.715949,-64.39445,korean,#2f8cae
3,26207,Za,5.5856330000000005,9.934158,korean,#2f8cae
3,110371,Gu,22.355372,28.330529,korean,#2f8cae
3,52353,SamGong,10.69908,65.71628,korean,#2f8cae
3,88635,Kii,18.096803,-30.424090999999997,korean,#2f8cae
3,93194,JaamDae,18.982395,32.689557,korean,#2f8cae
3,91262,пирустија,18.61564,38.783691999999995,macedonian,#bdb6a9
3,101421,Crucea mica,20.553547000000002,11.303263000000001,romanian,#972549
3,102098,Gurvan Maral Od,20.690532,45.280338,mongolian,#67422f
3,117245,UunUu,23.773198999999998,3.486811,korean,#2f8cae
3,37826,Tu'amu rabutu,7.755277,28.026199,mulapin,#f38b88
3,34088,Tu'amu sekhrutu,7.068480999999999,20.570297,mulapin,#f38b88
3,7607,Lulimu,1.633205,48.628213,mulapin,#f38b88
3,50851,Kimi,10.383458000000001,6.542643,maya,#caaba9
3,107380,B'alaam,21.749113,-33.025781,maya,#caaba9
3,64962,Uo,13.315358999999999,-23.171512,maya,#caaba9
3,27366,Oxib' Xk'ub',5.795941,-9.669605,maya,#caaba9
3,94779,奚仲,19.28504,53.368458999999994,chinese_medieval,#e36856
3,81641,斛,16.677413,4.219789,chinese_medieval,#e36856
3,81724,东咸,16.692884,-17.742167000000006,chinese_medieval,#e36856
3,38722,水位,7.927749,19.88397,chinese_medieval,#e36856
3,101692,离珠,20.61212,-2.549957,chinese_medieval,#e36856
3,25428,петел,5.438198000000001,28.60745,macedonian,#bdb6a9
3,102618,女宿,20.794598,-9.495776,chinese_medieval,#e36856
3,34033,四渎,7.0605759999999975,10.951817,chinese_medieval,#e36856
3,6686,уши,1.430216,60.235282999999995,macedonian,#bdb6a9
3,21421,лисица,4.5986769999999995,16.509301,macedonian,#bdb6a9
3,92791,渐台,18.908412,36.898613,chinese_medieval,#e36856
3,26727,Sfredelul mare,5.679313,-1.9425720000000002,romanian,#972549
3,56332,土司空(轸宿),11.54837,-31.087226,chinese_medieval,#e36856
3,100232,天桴,20.328685,-1.078514,chinese_medieval,#e36856
3,78727,西咸,16.072774,-11.374611,chinese_medieval,#e36856
3,87234,御女,17.824154999999994,76.96288100000002,chinese_medieval,#e36856
3,51233,内平,10.464727,36.707212,chinese_medieval,#e36856
3,100587,YeonDo,20.397671,32.190172,korean,#2f8cae
3,85927,Rabbit Tracks,17.560145000000002,-37.103821,navajo,#6c7363
3,58948,Byeong,12.086817,8.732985000000001,korean,#2f8cae
3,24608,Quturjuuk,5.27815,45.997991,inuit,#b5a63f
3,110960,坟墓(附危宿),22.480531,-0.019972,chinese_medieval,#e36856
3,72622,氐宿,14.847976999999998,-16.041778,chinese_medieval,#e36856
3,57328,内屏,11.754733,8.258119,chinese_medieval,#e36856
3,25985,厕,5.545504,-17.822289,chinese_medieval,#e36856
3,111710,虚梁,22.629273,-4.228056,chinese_medieval,#e36856
3,24244,军井,5.204973000000002,-11.869219000000001,chinese_medieval,#e36856
3,72573,四辅,14.838814000000001,82.511944,chinese_medieval,#e36856
3,23972,玉井,5.15244,-8.754081,chinese_medieval,#e36856
3,27830,司怪,5.88879,27.612262,chinese_medieval,#e36856
3,52638,少微,10.764416,30.682313,chinese_medieval,#e36856
3,13209,Wii,2.833063,27.260507,korean,#2f8cae
3,94779,HaeJuung,19.28504,53.368458999999994,korean,#2f8cae
3,71683,GeoGii,14.660765,-60.833976,korean,#2f8cae
3,16369,CheonReum,3.5145489999999997,12.936678,korean,#2f8cae
3,20354,RyeoSeok,4.359211,46.49887800000001,korean,#2f8cae
3,33160,Triangle,6.903167,-12.038628,egyptian,#91b6a8
3,69673,Mooring Post,14.261029999999998,19.18241,egyptian,#91b6a8
3,109074,危宿,22.096398999999998,-0.319851,chinese_medieval,#e36856
3,109973,败臼,22.274045,-41.627225,chinese_medieval,#e36856
3,16369,天廪,3.5145489999999997,12.936678,chinese_medieval,#e36856
3,13209,Aries,2.833063,27.260507,western,#5bc4c7
3,13209,Baran,2.833063,27.260507,belarusian,#a9bbca
3,13209,Al-Hamal,2.833063,27.260507,arabic,#7d963a
3,10559,Al-Muthallath,2.265635,33.358895000000004,arabic,#7d963a
3,107089,Octans,21.691253,-77.390046,western,#5bc4c7
3,105319,Indus,21.331096,-53.449427,western,#5bc4c7
3,10670,Triangulum,2.288573,33.847194,western,#5bc4c7
3,82273,Triangulum Australe,16.811076999999994,-69.027715,western,#5bc4c7
3,116231,Sculptor,23.549512,-37.818267999999996,western,#5bc4c7
3,85755,天江,17.523598,-23.962643,chinese_medieval,#e36856
3,110130,Tucana,22.308370999999998,-60.259586999999996,western,#5bc4c7
3,109074,UmiyameBoshi,22.096398999999998,-0.319851,japanese_moon_stations,#e8d668
3,78820,SoiBoshi,16.09062,-19.805453,japanese_moon_stations,#e8d668
3,26366,TorokiBoshi,5.615108,9.290673,japanese_moon_stations,#e8d668
3,13209,EkieBoshi,2.833063,27.260507,japanese_moon_stations,#e8d668
3,69974,AmiBoshi,14.318498000000002,-13.371095,japanese_moon_stations,#e8d668
3,100064,InamiBoshi,20.300904,-12.544852,japanese_moon_stations,#e8d668
3,4427,Pituaq,0.9451430000000001,60.71674,inuit,#b5a63f
3,85755,CheonGang,17.523598,-23.962643,korean,#2f8cae
3,26263,Grabli,5.593307,-3.25284,belarusian,#a9bbca
3,74785,Jeo,15.283449,-9.382916999999999,korean,#2f8cae
3,12107,ChuuGo,2.600013,-7.831597,korean,#2f8cae
3,62325,SaamGongNaeJwa,12.772928,9.539684,korean,#2f8cae
3,33202,SaaDok,6.910732,13.177826999999999,korean,#2f8cae
3,25985,Cheuk,5.545504,-17.822289,korean,#2f8cae
3,70755,Hang,14.470038,-2.227957,korean,#2f8cae
3,76333,Viśākhā,15.592104999999998,-14.789537,indian,#d56a88
3,79375,SeoHaam,16.199997,-10.064252999999999,korean,#2f8cae
3,24244,GuunJeong,5.204973000000002,-11.869219000000001,korean,#2f8cae
3,80883,Gok,16.515229,1.9839229999999999,korean,#2f8cae
3,26311,Beol,5.603559,-1.20192,korean,#2f8cae
3,102624,SuuNyeo,20.795621,-5.027701,korean,#2f8cae
3,84671,HwanJaa,17.310275,10.864475,korean,#2f8cae
3,110532,HeoRyang,22.392264,-7.194421000000001,korean,#2f8cae
3,24674,OkJeong,5.293442,-6.844409,korean,#2f8cae
3,53954,SoMii,11.038827000000001,20.179842,korean,#2f8cae
3,14838,Al-Butain,3.193822,19.726677,arabic_moon_stations,#7d963a
3,88149,Jongiin,18.004388,4.368615,korean,#2f8cae
3,50335,Al-Jabhah,10.278171,23.417310999999998,arabic_moon_stations,#7d963a
3,110672,Saad Al-Akhbiah,22.421284,1.377401,arabic_moon_stations,#7d963a
3,26207,Al-Hekaah,5.5856330000000005,9.934158,arabic_moon_stations,#7d963a
3,35550,CheonJuun,7.335383,21.98232,korean,#2f8cae
2,52353,三师,10.69908,65.71628,chinese_medieval,#e36856
2,75828,骑官,15.490075,-46.732704,chinese_medieval,#e36856
2,20889,свињи,4.476943,19.180431,macedonian,#bdb6a9
2,76552,骑官,15.634232,-42.567347999999996,chinese_medieval,#e36856
2,101923,罗堰,20.654532999999997,-14.95476,chinese_medieval,#e36856
2,91919,织女,18.738984,39.670123,chinese_medieval,#e36856
2,75501,骑官,15.422285,-38.73362,chinese_medieval,#e36856
2,98036,河鼓,19.921886999999998,6.406763,chinese_medieval,#e36856
2,27989,орач,5.919529,7.407063000000001,macedonian,#bdb6a9
2,102532,крст,20.777639999999998,16.124295999999998,macedonian,#bdb6a9
2,26549,рало,5.6457690000000005,-2.600069,macedonian,#bdb6a9
2,111539,羽林军,22.59689,-17.460424,chinese_medieval,#e36856
2,107797,羽林军,21.836939,-16.844914000000006,chinese_medieval,#e36856
2,61084,Hithikoya,12.519428999999999,-57.113212,lokono,#f6b8bb
2,65936,柱(角宿),13.517404999999998,-39.407307,chinese_medieval,#e36856
2,112211,羽林军,22.726454,-18.830375,chinese_medieval,#e36856
2,10320,天庾,2.21513,-30.723825,chinese_medieval,#e36856
2,80343,罚,16.401718,-20.037326999999998,chinese_medieval,#e36856
2,95241,Khanuwy Fish,19.377303,-44.458965,egyptian,#91b6a8
2,111515,羽林军,22.593436999999998,-23.991094,chinese_medieval,#e36856
2,116231,𫓧钺,23.549512,-37.818267999999996,chinese_medieval,#e36856
2,62267,三公(太微垣),12.760294,7.6733259999999985,chinese_medieval,#e36856
2,26727,Mabukuli,5.679313,-1.9425720000000002,lokono,#f6b8bb
2,35550,天樽,7.335383,21.98232,chinese_medieval,#e36856
2,75264,骑官,15.378020999999999,-44.689622,chinese_medieval,#e36856
2,70300,柱(角宿),14.383956,-39.511819,chinese_medieval,#e36856
2,1158,羽林军,0.241008,-7.780532000000001,chinese_medieval,#e36856
2,117541,羽林军,23.837425,-9.974136,chinese_medieval,#e36856
2,116957,羽林军,23.707729,-15.448032999999999,chinese_medieval,#e36856
2,117629,羽林军,23.855926999999998,-18.909163,chinese_medieval,#e36856
2,116247,羽林军,23.554617999999998,-20.914504,chinese_medieval,#e36856
2,115033,羽林军,23.298393,-9.182513,chinese_medieval,#e36856
2,113998,羽林军,23.086904,-17.07925,chinese_medieval,#e36856
2,61084,Hanaiakamalama,12.519428999999999,-57.113212,hawaiian_starlines,#1e8871
2,94713,маши,19.272804,38.133731,macedonian,#bdb6a9
2,64241,Coma Berenices,13.166469000000001,17.529431,western,#5bc4c7
2,61084,Taki-o-Autahi,12.519428999999999,-57.113212,maori,#454341
2,90842,杵(箕宿),18.532284,-43.507383000000004,chinese_medieval,#e36856
2,8832,Al-Shartain,1.8921700000000001,19.293851999999998,arabic_moon_stations,#7d963a
2,28380,Gamlu,5.995351,37.212585,mulapin,#f38b88
2,54863,灵台,11.233842999999998,8.060694999999999,chinese_medieval,#e36856
2,25143,咸池,5.380644,41.02926,chinese_medieval,#e36856
2,23767,柱(毕宿),5.10858,41.234474,chinese_medieval,#e36856
2,27639,柱(毕宿),5.850675,37.305572999999995,chinese_medieval,#e36856
2,26536,柱(毕宿),5.6439129999999995,30.492411999999998,chinese_medieval,#e36856
2,80112,心宿,16.353143,-25.592796,chinese_medieval,#e36856
2,26727,The Fishermen,5.679313,-1.9425720000000002,norse,#f4d2b7
2,73334,骑官,14.986025,-42.104194,chinese_medieval,#e36856
2,102618,Saad Bulaa,20.794598,-9.495776,arabic_moon_stations,#7d963a
2,113531,羽林军,22.993243,-13.070895,chinese_medieval,#e36856
2,75177,骑官,15.363439999999999,-36.261376,chinese_medieval,#e36856
2,26207,觜宿,5.5856330000000005,9.934158,chinese_medieval,#e36856
2,46771,酒旗,9.532428,11.299827,chinese_medieval,#e36856
2,46982,天相,9.575736000000001,-5.914948000000001,chinese_medieval,#e36856
2,84380,女床,17.250788,36.809162,chinese_medieval,#e36856
2,72800,骑官,14.880854999999999,-37.80316,chinese_medieval,#e36856
2,74395,车骑,15.20476,-52.099247,chinese_medieval,#e36856
2,73714,阵车,15.067839000000001,-25.281965,chinese_medieval,#e36856
2,106278,Saad Al-Saud,21.525982,-5.571172,arabic_moon_stations,#7d963a
2,100027,Saad Al-Thabih,20.29413,-12.508212,arabic_moon_stations,#7d963a
2,26727,Tau-toro,5.679313,-1.9425720000000002,maori,#454341
2,71908,Circinus,14.708492000000001,-64.975138,western,#5bc4c7
2,56647,明堂,11.615814,-0.823749,chinese_medieval,#e36856
2,61084,Toloatonga,12.519428999999999,-57.113212,tongan,#c7d5d6
2,26727,Toloa,5.679313,-1.9425720000000002,tongan,#c7d5d6
2,42913,Toloalahi,8.745059,-54.70882099999999,tongan,#c7d5d6
2,26311,Houmatoloa,5.603559,-1.20192,tongan,#c7d5d6
2,60742,Fatanalua,12.448966,28.268423,tongan,#c7d5d6
2,64241,Al-Hulbah,13.166469000000001,17.529431,arabic,#7d963a
2,37826,kitamob,7.755277,28.026199,maya,#caaba9
2,25930,Joykexo,5.5334449999999995,-0.299092,tupi,#d23958
2,19747,Horologium,4.233363,-42.294368,western,#5bc4c7
2,69701,Al-Ghafr,14.266907999999999,-6.000547,arabic_moon_stations,#7d963a
2,40702,Chamaeleon,8.308703,-76.919722,western,#5bc4c7
2,12719,胃宿,2.724198,27.707146,chinese_medieval,#e36856
2,105140,Microscopium,21.298966,-32.172539,western,#5bc4c7
2,42515,Pyxis,8.668372999999999,-35.308352,western,#5bc4c7
2,72370,Apus,14.797701000000002,-79.044751,western,#5bc4c7
2,61084,Crux,12.519428999999999,-57.113212,western,#5bc4c7
2,21060,Caelum,4.513916,-44.953749,western,#5bc4c7
2,32607,Pictor,6.803194,-61.941391,western,#5bc4c7
2,42806,Al-Nuthrah,8.721430999999999,21.468501,arabic_moon_stations,#7d963a
2,109624,羽林军,22.207155,-14.193957000000001,chinese_medieval,#e36856
2,74604,骑官,15.2437,-31.519121000000002,chinese_medieval,#e36856
2,116591,羽林军,23.627654999999997,-13.060243,chinese_medieval,#e36856
2,67927,右摄提,13.911411,18.397717,chinese_medieval,#e36856
2,23767,Ju,5.10858,41.234474,korean,#2f8cae
2,79788,Beol,16.283110999999998,-20.104088,korean,#2f8cae
2,27673,Ju,5.8581660000000015,39.14848,korean,#2f8cae
2,78820,GuGeom,16.09062,-19.805453,korean,#2f8cae
2,25984,Ju,5.545465,32.192021999999994,korean,#2f8cae
2,90830,WaeJeo,18.529287,-45.914814,korean,#2f8cae
2,66249,JwaGak,13.578220000000002,-0.59582,korean,#2f8cae
2,107315,Wii,21.736432999999998,9.875011,korean,#2f8cae
2,106340,离瑜,21.537381,-33.944623,chinese_medieval,#e36856
2,37826,北河,7.755277,28.026199,chinese_medieval,#e36856
2,28380,Gamlu,5.995351,37.212585,seleucid,#fdd190
2,68523,柱(角宿),14.028748,-45.603421000000004,chinese_medieval,#e36856
2,109937,杵(危宿),22.26616,37.748737,chinese_medieval,#e36856
2,110371,臼,22.355372,28.330529,chinese_medieval,#e36856
2,70574,柱(角宿),14.435619,-45.221424,chinese_medieval,#e36856
2,73559,骑官,15.032801000000001,-34.358875,chinese_medieval,#e36856
2,72105,梗河,14.749784,27.074222,chinese_medieval,#e36856
2,72125,左摄提,14.754017000000001,16.96428,chinese_medieval,#e36856
2,114341,羽林军,23.157443,-21.17241,chinese_medieval,#e36856
2,72659,帝席,14.856492999999999,19.10046,chinese_medieval,#e36856
2,70602,JaeSeok,14.440935000000001,19.2269,korean,#2f8cae
2,9884,Ruu,2.119555,23.462423,korean,#2f8cae
2,72105,GyeongHaa,14.749784,27.074222,korean,#2f8cae
2,91919,JikNyeo,18.738984,39.670123,korean,#2f8cae
2,57477,DaeRii,11.782116,55.628190000000004,korean,#2f8cae
2,37826,BuukHa,7.755277,28.026199,korean,#2f8cae
2,30772,CheonGu,6.465992,-4.762154,korean,#2f8cae
2,29650,SaaGwae,6.247466999999999,19.156448,korean,#2f8cae
2,63355,GuGyeong,12.982068,17.409446,korean,#2f8cae
2,56647,MyeongDang,11.615814,-0.823749,korean,#2f8cae
2,85112,YeoSaang,17.394707999999998,37.145946,korean,#2f8cae
2,69713,CheonChang,14.269439000000002,51.367231,korean,#2f8cae
2,37279,NamHa,7.655033,5.224993,korean,#2f8cae
2,54182,YeongDae,11.083619,7.336007,korean,#2f8cae
2,65721,JuJeong,13.473837,13.778787,korean,#2f8cae
2,73714,JinGeo,15.067839000000001,-25.281965,korean,#2f8cae
2,25048,HaamJii,5.363448,41.804572,korean,#2f8cae
2,72125,SeopJae,14.754017000000001,16.96428,korean,#2f8cae
2,67927,SeopJae,13.911411,18.397717,korean,#2f8cae
2,101923,NaaEon,20.654532999999997,-14.95476,korean,#2f8cae
2,81266,Shim,16.598043,-28.216015999999996,korean,#2f8cae
2,97675,CheonBu,19.850456,10.415727,korean,#2f8cae
2,97278,HaGo,19.770994,10.613261,korean,#2f8cae
2,71860,柱(角宿),14.698823,-47.3882,chinese_medieval,#e36856
2,70497,天枪,14.419967000000002,51.850744,chinese_medieval,#e36856
2,26727,Galla's Sons,5.679313,-1.9425720000000002,sami,#cdce7b
2,26727,Kastsy,5.679313,-1.9425720000000002,belarusian,#a9bbca
2,67480,周鼎,13.828564000000002,21.264104999999997,chinese_medieval,#e36856
2,80112,NakagoBoshi,16.353143,-25.592796,japanese_moon_stations,#e8d668
2,26727,Trisfetitele,5.679313,-1.9425720000000002,romanian,#972549
2,97278,Fata de imparat,19.770994,10.613261,romanian,#972549
2,9884,娄宿,2.119555,23.462423,chinese_medieval,#e36856
2,26727,Ullaktut,5.679313,-1.9425720000000002,inuit,#b5a63f
2,66234,三公(紫微垣),13.57425,49.015972999999995,chinese_medieval,#e36856
2,36850,The Ski Runners,7.5766339999999985,31.888276,sami,#cdce7b
2,37279,南河,7.655033,5.224993,chinese_medieval,#e36856
2,26237,伐(附参宿),5.589768,-4.838358,chinese_medieval,#e36856
2,62541,九卿,12.815059,14.122584,chinese_medieval,#e36856
2,8832,TataraBoshi,1.8921700000000001,19.293851999999998,japanese_moon_stations,#e8d668
2,64241,Sito,13.166469000000001,17.529431,belarusian,#a9bbca
2,91926,Abhijit,18.739660999999998,39.612721,indian,#d56a88
2,78820,Anurādhā,16.09062,-19.805453,indian,#d56a88
2,12719,Bharanī,2.724198,27.707146,indian,#d56a88
2,98036,Śrabaṇā,19.921886999999998,6.406763,indian,#d56a88
2,80112,Jyeṣṭhā,16.353143,-25.592796,indian,#d56a88
2,26207,Mṛgaśirā,5.5856330000000005,9.934158,indian,#d56a88
2,26727,Sas Tres Marias,5.679313,-1.9425720000000002,sardinian,#d3bc93
1,90568,Telescopium,18.480504999999997,-49.070588,western,#5bc4c7
1,49669,sharru,10.139532,11.967207,seleucid,#fdd190
1,51437,Sextans,10.504855000000001,-0.637026,western,#5bc4c7
1,25918,Mensa,5.531318,-76.340964,western,#5bc4c7
1,95771,Vulpecula,19.478427,24.664904999999997,western,#5bc4c7
1,37279,Canis Minor,7.655033,5.224993,western,#5bc4c7
1,22449,Lulal u Latarak,4.830669,6.961276,seleucid,#fdd190
1,91262,Lamassu,18.61564,38.783691999999995,seleucid,#fdd190
1,51172,Antlia,10.45253,-31.067778999999998,western,#5bc4c7
1,61317,Canes Venatici,12.562411,41.357479999999995,western,#5bc4c7
1,94481,Nin-SAR and Erragal,19.229302,39.145967999999996,seleucid,#fdd190
1,85696,Sharur u Shargaz,17.512732,-37.295811,seleucid,#fdd190
1,4427,Barbaru,0.9451430000000001,60.71674,seleucid,#fdd190
1,80763,"Irat Zuqaqipi, Lisi",16.490128,-26.432002,seleucid,#fdd190
1,11767,Ibila-Emakh maru reshtu sha Anim,2.52975,89.26410899999998,seleucid,#fdd190
1,30438,Eridu,6.399195,-52.69566,seleucid,#fdd190
1,65477,Shelebu,13.420413,54.987958,seleucid,#fdd190
1,68702,Shullat u Khanish,14.063729,-60.373039,seleucid,#fdd190
1,36850,Lua tangata,7.5766339999999985,31.888276,tongan,#c7d5d6
1,37279,Catelul,7.655033,5.224993,romanian,#972549
1,71683,Fungasia,14.660765,-60.833976,tongan,#c7d5d6
1,37279,Al-Kalb Al-A'sghar,7.655033,5.224993,arabic,#7d963a
1,21421,Gellarlec,4.5986769999999995,16.509301,boorong,#7eb9cb
1,67480,Weetkurrk,13.828564000000002,21.264104999999997,boorong,#7eb9cb
1,89931,Warring,18.3499,-29.828103000000002,boorong,#7eb9cb
1,74395,Tchingal,15.20476,-52.099247,boorong,#7eb9cb
1,2021,,0.42791599999999996,-77.25424699999998,boorong,#7eb9cb
1,746,Gusina Daroga,0.152887,59.14978000000001,belarusian,#a9bbca
1,11767,Gvozd,2.52975,89.26410899999998,belarusian,#a9bbca
1,37826,Poland and Lithuania,7.755277,28.026199,belarusian,#a9bbca
1,24608,Kaza,5.27815,45.997991,belarusian,#a9bbca
1,677,Al-Muakhar,0.139791,29.090432,arabic_moon_stations,#7d963a
1,113881,Al-Mugaddam,23.062901,28.082789000000002,arabic_moon_stations,#7d963a
1,100064,Collenbitchick,20.300904,-12.544852,boorong,#7eb9cb
1,44816,Mindi,9.133268,-43.432589,boorong,#7eb9cb
1,37279,Galla,7.655033,5.224993,sami,#cdce7b
1,17702,Pack of Dogs,3.79141,24.105137,sami,#cdce7b
1,97649,Morning Star,19.846388,8.868322000000003,sami,#cdce7b
1,91262,The Runner,18.61564,38.783691999999995,sami,#cdce7b
1,69673,Favdna,14.261029999999998,19.18241,sami,#cdce7b
1,11767,Sky Support,2.52975,89.26410899999998,sami,#cdce7b
1,31681,Al-Hanaah,6.628528,16.399252,arabic_moon_stations,#7d963a
1,36850,Al-Thira-a,7.5766339999999985,31.888276,arabic_moon_stations,#7d963a
1,44798,Al-Tarf,9.129114999999999,10.668191,arabic_moon_stations,#7d963a
1,54872,Al-Zubrah,11.235138000000001,20.523717,arabic_moon_stations,#7d963a
1,85927,Al-Shawlah,17.560145000000002,-37.103821,arabic_moon_stations,#7d963a
1,80763,Al-Qalb,16.490128,-26.432002,arabic_moon_stations,#7d963a
1,57632,Al-Surfah,11.817663,14.57206,arabic_moon_stations,#7d963a
1,72622,Al-Zubana,14.847976999999998,-16.041778,arabic_moon_stations,#7d963a
1,65474,Al-Simak,13.419882999999999,-11.161322,arabic_moon_stations,#7d963a
1,54061,Lakhru,11.062155,61.75103299999999,seleucid,#fdd190
1,77516,CheonYuu,15.827001999999998,-3.4302080000000004,korean,#2f8cae
1,11767,Ibila-Emakh maru reshtu sha Anim,2.52975,89.26410899999998,mulapin,#f38b88
1,65474,角宿,13.419882999999999,-11.161322,chinese_medieval,#e36856
1,64238,进贤,13.165830999999999,-5.53901,chinese_medieval,#e36856
1,66936,天田(角宿),13.717698,3.537903,chinese_medieval,#e36856
1,86742,宗正,17.724543,4.567303,chinese_medieval,#e36856
1,88765,宗,18.121767000000002,8.733867,chinese_medieval,#e36856
1,88899,帛度,18.148018,20.045233,chinese_medieval,#e36856
1,17886,天谗,3.8257480000000004,33.091382,chinese_medieval,#e36856
1,88886,屠肆,18.145970000000002,20.814557,chinese_medieval,#e36856
1,86032,候,17.582241,12.560035000000001,chinese_medieval,#e36856
1,69673,大角,14.261029999999998,19.18241,chinese_medieval,#e36856
1,19038,月,4.078253,22.081926,chinese_medieval,#e36856
1,84345,帝座,17.244127,14.390332999999998,chinese_medieval,#e36856
1,18453,积水(胃宿),3.9434699999999996,50.695381,chinese_medieval,#e36856
1,13879,积尸(胃宿),2.979352,39.662728,chinese_medieval,#e36856
1,80179,列肆,16.367875,1.029039,chinese_medieval,#e36856
1,65323,平道,13.388582000000001,-4.924427,chinese_medieval,#e36856
1,6686,附路,1.430216,60.235282999999995,chinese_medieval,#e36856
1,15696,天阿,3.36997,27.60755300000001,chinese_medieval,#e36856
1,21683,附耳(附毕宿),4.6545830000000015,15.917976999999999,chinese_medieval,#e36856
1,108991,盖屋,22.079839,-0.906343,chinese_medieval,#e36856
1,69415,阳门,14.212785,-27.261186,chinese_medieval,#e36856
1,88550,糠,18.080662,-35.901441999999996,chinese_medieval,#e36856
1,82545,神宫(附房宿),16.872263,-38.017536,chinese_medieval,#e36856
1,96950,天鸡,19.708648,-16.123995999999998,chinese_medieval,#e36856
1,78918,从官(房宿),16.109873999999998,-36.802288,chinese_medieval,#e36856
1,96465,狗,19.611786,-24.883623,chinese_medieval,#e36856
1,77840,日,15.893532999999998,-25.327142000000002,chinese_medieval,#e36856
1,90763,农丈人,18.518012,-32.989114,chinese_medieval,#e36856
1,79374,键闭,16.199926,-19.460708,chinese_medieval,#e36856
1,78933,钩钤(附房宿),16.113452,-20.669192000000002,chinese_medieval,#e36856
1,74376,骑阵将军,15.198917999999999,-48.737819,chinese_medieval,#e36856
1,2599,策,0.5499970000000001,62.931782999999996,chinese_medieval,#e36856
1,66015,天门,13.534114,-18.72888,chinese_medieval,#e36856
1,94481,Nin-SAR and Erragal,19.229302,39.145967999999996,mulapin,#f38b88
1,71683,Nakuhikuhi,14.660765,-60.833976,hawaiian_starlines,#1e8871
1,36850,Punarvasu,7.5766339999999985,31.888276,indian,#d56a88
1,42911,Puṣyā,8.74475,18.154309,indian,#d56a88
1,49669,Maghā,10.139532,11.967207,indian,#d56a88
1,54872,Pūrba phālgunī,11.235138000000001,20.523717,indian,#d56a88
1,57632,Uttara phālgunī,11.817663,14.57206,indian,#d56a88
1,65474,Chitrā,13.419882999999999,-11.161322,indian,#d56a88
1,8832,Aśvinī,1.8921700000000001,19.293851999999998,indian,#d56a88
1,102281,Dhaniṣṭhā,20.724315,15.074581,indian,#d56a88
1,5737,Revatī,1.2288569999999999,7.575353999999999,indian,#d56a88
1,1067,Uttara bhādrapada,0.220598,15.183596,indian,#d56a88
1,90185,Pūrba āṣāṛā,18.402867999999998,-34.384615999999994,indian,#d56a88
1,113881,Pūrba bhādrapada,23.062901,28.082789000000002,indian,#d56a88
1,92855,Uttara āṣāṛā,18.92109,-26.296721999999995,indian,#d56a88
1,110395,Śatabhiṣā,22.360938,-1.3873309999999999,indian,#d56a88
1,17499,Makali`i,3.747927,24.113339,hawaiian_starlines,#1e8871
1,8796,军南门,1.884696,29.578829,chinese_medieval,#e36856
1,39429,Ferry Boat,8.059737,-40.003147999999996,egyptian,#91b6a8
1,37826,Pair of Stars,7.755277,28.026199,egyptian,#91b6a8
1,102978,十二国(赵),20.863692,-26.919133000000002,chinese_medieval,#e36856
1,112051,离宫(附室宿),22.695947,29.307640999999997,chinese_medieval,#e36856
1,112748,离宫(附室宿),22.833385,24.601579,chinese_medieval,#e36856
1,115250,离宫(附室宿),23.343956,23.740337,chinese_medieval,#e36856
1,112447,土公吏,22.778216,12.172888,chinese_medieval,#e36856
1,113368,北落师门,22.960838,-29.622235999999997,chinese_medieval,#e36856
1,111188,天纲,22.52509,-32.346073,chinese_medieval,#e36856
1,1067,壁宿,0.220598,15.183596,chinese_medieval,#e36856
1,1465,土公,0.304791,11.206214,chinese_medieval,#e36856
1,64004,南门,13.115179999999999,-49.906246,chinese_medieval,#e36856
1,66400,平,13.61346,-26.495198,chinese_medieval,#e36856
1,87261,傅说,17.830965,-37.043304,chinese_medieval,#e36856
1,76470,天辐,15.617070000000002,-28.135078999999998,chinese_medieval,#e36856
1,102014,十二国(越),20.672174,-33.431843,chinese_medieval,#e36856
1,103226,十二国(周),20.913283,-17.922894,chinese_medieval,#e36856
1,57613,军门,11.812524,-26.749777,chinese_medieval,#e36856
1,28199,子,5.958947,-35.28328,chinese_medieval,#e36856
1,30788,孙,6.469503,-32.58007,chinese_medieval,#e36856
1,30324,野鸡,6.378329,-17.955918,chinese_medieval,#e36856
1,65477,辅(附北斗),13.420413,54.987958,chinese_medieval,#e36856
1,82979,车肆,16.957222,-10.963372999999999,chinese_medieval,#e36856
1,60172,谒者,12.339161,3.3125739999999997,chinese_medieval,#e36856
1,32349,狼,6.7524809999999995,-16.716116,chinese_medieval,#e36856
1,39659,积薪,8.10511,22.63549,chinese_medieval,#e36856
1,63121,郎将,12.933468,38.314912,chinese_medieval,#e36856
1,57399,太阳守,11.767515,47.779406,chinese_medieval,#e36856
1,67627,天乙,13.857204999999999,64.723272,chinese_medieval,#e36856
1,55219,三台(下台),11.307983,33.094306,chinese_medieval,#e36856
1,66798,太乙,13.691625,64.822411,chinese_medieval,#e36856
1,50372,三台(中台),10.284952,42.914365000000004,chinese_medieval,#e36856
1,59199,右辖(附轸宿),12.140225,-24.728875,chinese_medieval,#e36856
1,102831,十二国(齐),20.8328,-33.779722,chinese_medieval,#e36856
1,61174,左辖(附轸宿),12.534510000000001,-16.196007,chinese_medieval,#e36856
1,44127,三台(上台),8.986828,48.041826,chinese_medieval,#e36856
1,60189,长沙(附轸宿),12.34268,-22.215901000000002,chinese_medieval,#e36856
1,54951,虎贲,11.253397,23.095502,chinese_medieval,#e36856
1,37265,积水(井宿),7.6527600000000024,34.584346000000004,chinese_medieval,#e36856
1,74605,阴德,15.243926,67.346722,chinese_medieval,#e36856
1,86614,女史,17.698978,72.148843,chinese_medieval,#e36856
1,89937,柱史,18.350735999999998,72.732843,chinese_medieval,#e36856
1,77277,大理,15.777772,62.599557,chinese_medieval,#e36856
1,115746,天皇大帝,23.44999,87.30750400000002,chinese_medieval,#e36856
1,62423,内厨,12.792873,66.790304,chinese_medieval,#e36856
1,54539,太尊,11.161062,44.498487,chinese_medieval,#e36856
1,43067,天记,8.772927000000001,-13.547720000000002,chinese_medieval,#e36856
1,26451,天关,5.627413,21.142549,chinese_medieval,#e36856
1,26634,丈人,5.660817,-34.074108,chinese_medieval,#e36856
1,36641,阙丘,7.534986,1.914481,chinese_medieval,#e36856
1,29655,钺(井宿),6.247961,22.506798999999997,chinese_medieval,#e36856
1,60988,相,12.500815,51.535631,chinese_medieval,#e36856
1,103738,十二国(郑),21.021517000000006,-32.257767,chinese_medieval,#e36856
1,103777,十二国(楚),21.029244,-26.880993,chinese_medieval,#e36856
1,104139,十二国(秦),21.099118,-17.232861,chinese_medieval,#e36856
1,77516,天乳,15.827001999999998,-3.4302080000000004,chinese_medieval,#e36856
1,69879,招摇,14.29995,35.509505,chinese_medieval,#e36856
1,110273,泣,22.336643,-7.8211020000000016,chinese_medieval,#e36856
1,106039,哭,21.478721,-21.80718,chinese_medieval,#e36856
1,107348,司非,21.74186,17.350017,chinese_medieval,#e36856
1,104858,司危,21.241336999999998,10.006981,chinese_medieval,#e36856
1,70469,顿顽,14.413507999999998,-24.80631,chinese_medieval,#e36856
1,107151,司禄,21.704292000000002,5.680137,chinese_medieval,#e36856
1,106278,虚宿,21.525982,-5.571172,chinese_medieval,#e36856
1,104750,十二国(韩),21.221479000000002,-27.619333,chinese_medieval,#e36856
1,105140,十二国(晋),21.298966,-32.172539,chinese_medieval,#e36856
1,104963,十二国(代),21.260528,-20.651695999999998,chinese_medieval,#e36856
1,104234,十二国(魏),21.118797,-25.005853,chinese_medieval,#e36856
1,104174,十二国(燕),21.106855,-32.341618,chinese_medieval,#e36856
1,107575,司命,21.787212,2.686124,chinese_medieval,#e36856
1,20711,天街,4.438461,22.813582999999998,chinese_medieval,#e36856
1,3419,土司空(奎宿),0.72649,-17.986604999999994,chinese_medieval,#e36856
1,87616,鱼,17.898548,-34.752721,chinese_medieval,#e36856
1,42578,积尸气,8.678669000000001,19.719314,chinese_medieval,#e36856
1,56975,从官(太微垣),11.679742,21.352729999999998,chinese_medieval,#e36856
1,69732,玄戈,14.273074,46.088305,chinese_medieval,#e36856
1,23685,屏,5.091018,-22.371032,chinese_medieval,#e36856
1,57565,太子,11.799762,20.218931,chinese_medieval,#e36856
1,58858,幸臣,12.071277,21.459153,chinese_medieval,#e36856
1,26865,屎,5.703876999999999,-22.373715,chinese_medieval,#e36856
1,30438,老人,6.399195,-52.69566,chinese_medieval,#e36856
1,27989,Ārdrā,5.919529,7.407063000000001,indian,#d56a88
1,21421,Rohiṇī,4.5986769999999995,16.509301,indian,#d56a88
1,69673,Svātī,14.261029999999998,19.18241,indian,#d56a88
1,20711,CheonGa,4.438461,22.813582999999998,korean,#2f8cae
1,111841,SaaRok,22.654355,39.050269,korean,#2f8cae
1,112242,SaaWii,22.734856,41.819235,korean,#2f8cae
1,54951,HoBuun,11.253397,23.095502,korean,#2f8cae
1,57565,TeaJaa,11.799762,20.218931,korean,#2f8cae
1,56975,JongGwan,11.679742,21.352729999999998,korean,#2f8cae
1,57632,OJe,11.817663,14.57206,korean,#2f8cae
1,112917,SaaBii,22.867225,43.312416999999996,korean,#2f8cae
1,89678,NongJaangiin,18.300886,-27.042640999999996,korean,#2f8cae
1,93667,Goo,19.073627,-31.047078999999997,korean,#2f8cae
1,96483,CheonGae,19.614847,-7.027477,korean,#2f8cae
1,104858,SaaMyeong,21.241336999999998,10.006981,korean,#2f8cae
1,90422,Gaang,18.449561,-45.968459,korean,#2f8cae
1,1067,DongByeok,0.220598,15.183596,korean,#2f8cae
1,2599,Chaek,0.5499970000000001,62.931782999999996,korean,#2f8cae
1,68520,CheonJeon,14.027443,1.544532,korean,#2f8cae
1,30438,Noin,6.399195,-52.69566,korean,#2f8cae
1,24305,Byeong,5.215528,-16.205468,korean,#2f8cae
1,25859,Shii,5.5202089999999995,-35.470519,korean,#2f8cae
1,37265,JeokShin,7.6527600000000024,34.584346000000004,korean,#2f8cae
1,36145,JeokSuu,7.445237,49.211527000000004,korean,#2f8cae
1,21881,CheonAa,4.704084,22.956926,korean,#2f8cae
1,19038,Wol,4.078253,22.081926,korean,#2f8cae
1,40526,SuuWii,8.275256,9.185545,korean,#2f8cae
1,17886,CheonCham,3.8257480000000004,33.091382,korean,#2f8cae
1,2219,TouGong,0.467475,17.893125,korean,#2f8cae
1,39311,GwolGu,8.03776,2.334571,korean,#2f8cae
1,32349,RangSeong,6.7524809999999995,-16.716116,korean,#2f8cae
1,30324,YaGae,6.378329,-17.955918,korean,#2f8cae
1,19167,JeokSuu,4.109735,50.351262,korean,#2f8cae
1,33579,Soun,6.9770970000000005,-28.972084000000002,korean,#2f8cae
1,104987,Heo,21.263731,5.247845,korean,#2f8cae
1,111954,CheonMang,22.677594,-27.043616999999998,korean,#2f8cae
1,106786,Gok,21.629197,-7.854201,korean,#2f8cae
1,107517,Eup,21.775582999999997,-11.365953999999999,korean,#2f8cae
1,85696,Sharur u Shargaz,17.512732,-37.295811,mulapin,#f38b88
1,80763,"Irat Zuqaqipi, Lisi",16.490128,-26.432002,mulapin,#f38b88
1,91262,Lamassu,18.61564,38.783691999999995,mulapin,#f38b88
1,4427,Barbaru,0.9451430000000001,60.71674,mulapin,#f38b88
1,68702,Shullat u Khanish,14.063729,-60.373039,mulapin,#f38b88
1,49669,sharru,10.139532,11.967207,mulapin,#f38b88
1,54061,Lakhru,11.062155,61.75103299999999,mulapin,#f38b88
1,22449,Lulal u Latarak,4.830669,6.961276,mulapin,#f38b88
1,30438,Eridu,6.399195,-52.69566,mulapin,#f38b88
1,65477,Shelebu,13.420413,54.987958,mulapin,#f38b88
1,69673,Khegalaju,14.261029999999998,19.18241,mulapin,#f38b88
1,60718,Paddler Gods,12.443311,-63.09909200000001,maya,#caaba9
1,26727,Aak,5.679313,-1.9425720000000002,maya,#caaba9
1,68702,Te Taura-o-te-waka-o-tamarereti,14.063729,-60.373039,maori,#454341
1,26311,волови,5.603559,-1.20192,macedonian,#bdb6a9
1,18532,јарем,3.96423,40.010215,macedonian,#bdb6a9
1,37279,волци,7.655033,5.224993,macedonian,#bdb6a9
1,3677,гумно,0.7842319999999999,41.964834,macedonian,#bdb6a9
1,24951,јастреб,5.3442120000000015,46.963783,macedonian,#bdb6a9
1,85696,Kasarhowakoya,17.512732,-37.295811,lokono,#f6b8bb
1,26451,CheonGwan,5.627413,21.142549,korean,#2f8cae
1,113368,BukRakSaMuun,22.960838,-29.622235999999997,korean,#2f8cae
1,112447,TouGongRi,22.778216,12.172888,korean,#2f8cae
1,115250,iiGuung,23.343956,23.740337,korean,#2f8cae
1,108874,GaeOok,22.055234,-2.155363,korean,#2f8cae
1,60189,JangSaa,12.34268,-22.215901000000002,korean,#2f8cae
1,56480,GuunMuun,11.579355,-54.264091,korean,#2f8cae
1,63125,NangJaang,12.933807,38.31838,korean,#2f8cae
1,109937,NaeJeo,22.26616,37.748737,korean,#2f8cae
1,26634,Zaangiin,5.660817,-34.074108,korean,#2f8cae
1,3419,SaaGong,0.72649,-17.986604999999994,korean,#2f8cae
1,97649,Aagjuuk,19.846388,8.868322000000003,inuit,#b5a63f
1,12189,Miyaymiyay,2.6168099999999996,24.647222,kamilaroi,#773b76
1,73555,HyeonGwa,15.032435999999999,40.390566,korean,#2f8cae
1,57399,Saang,11.767515,47.779406,korean,#2f8cae
1,54539,TaeYaangSuu,11.161062,44.498487,korean,#2f8cae
1,87569,Eo,17.889853,-34.895125,korean,#2f8cae
1,87261,BuYeol,17.830965,-37.043304,korean,#2f8cae
1,99255,YuukGaap,20.148145,77.71141899999998,korean,#2f8cae
1,82545,ShinGuung,16.872263,-38.017536,korean,#2f8cae
1,30122,Zaa,6.338553,-30.063367,korean,#2f8cae
1,77840,iil,15.893532999999998,-25.327142000000002,korean,#2f8cae
1,78105,JongGwan,15.948193,-33.966134000000004,korean,#2f8cae
1,78384,Warrawilbaarru,16.002036,-38.396706,kamilaroi,#773b76
1,65109,MuraayMuyaay,13.343295999999999,-36.71229500000001,kamilaroi,#773b76
1,84969,Bandaarr,17.366531,-67.770668,kamilaroi,#773b76
1,37773,Wadhaagudjaaylwan,7.745519,-66.071933,kamilaroi,#773b76
1,32883,Wamba Wamba,6.85197,-47.326046999999996,kamilaroi,#773b76
1,8796,GuunNaamMun,1.884696,29.578829,korean,#2f8cae
1,22834,Old Dthillar and gunya,4.913273,7.779097,kamilaroi,#773b76
1,104385,Old Wiringin,21.146575,-76.212469,kamilaroi,#773b76
1,58307,Yarran,11.957198,-61.123431000000004,kamilaroi,#773b76
1,52730,Birringoloo,10.780024000000001,-69.209786,kamilaroi,#773b76
1,29711,Birraybirray,6.258243,-4.914719,kamilaroi,#773b76
1,83163,Gawaargay,16.995642,-18.248341,kamilaroi,#773b76
1,83163,Gawaargay,16.995642,-18.248341,kamilaroi,#773b76
1,65474,SuBoshi,13.419882999999999,-11.161322,japanese_moon_stations,#e8d668
1,106278,TomiteBoshi,21.525982,-5.571172,japanese_moon_stations,#e8d668
1,113963,HatsuiBoshi,23.079348,15.205264000000001,japanese_moon_stations,#e8d668
1,1067,NamameBoshi,0.220598,15.183596,japanese_moon_stations,#e8d668
1,91262,Kingulliq,18.61564,38.783691999999995,inuit,#b5a63f
1,67927,Sivulliik,13.911411,18.397717,inuit,#b5a63f
1,27989,Akkuttujuuk,5.919529,7.407063000000001,inuit,#b5a63f
1,63432,NaeJuu,12.998664999999999,66.597272,korean,#2f8cae
1,60998,Taeiil,12.501868,69.201123,korean,#2f8cae
1,113116,CheonHwangTaeJae,22.906789,84.346177,korean,#2f8cae
1,79374,GeonPae,16.199926,-19.460708,korean,#2f8cae
1,42516,JeokShii,8.66845,20.007788,korean,#2f8cae
1,5434,BuRo,1.158368,47.241792,korean,#2f8cae
1,12621,JeokShi,2.703739,42.777947999999995,korean,#2f8cae
1,65477,Bo,13.420413,54.987958,korean,#2f8cae
1,60172,AlZaa,12.339161,3.3125739999999997,korean,#2f8cae
1,61384,Cheoniil,12.578902000000001,70.02176999999999,korean,#2f8cae
1,86614,JuHaSa,17.698978,72.148843,korean,#2f8cae
1,87728,YeoSa,17.919762,72.005127,korean,#2f8cae
1,76470,CheonPouk,15.617070000000002,-28.135078999999998,korean,#2f8cae
1,74605,EumDeok,15.243926,67.346722,korean,#2f8cae
1,71075,ChoYo,14.534635999999999,38.308253,korean,#2f8cae
1,68933,DuunWaan,14.111395000000002,-36.369954,korean,#2f8cae
1,86032,Huu,17.582241,12.560035000000001,korean,#2f8cae
1,84345,JaeJwa,17.244127,14.390332999999998,korean,#2f8cae
1,88771,JongSeong,18.122495999999998,9.563847,korean,#2f8cae
1,86742,JongJeong,17.724543,4.567303,korean,#2f8cae
1,71860,GiJinJangGuun,14.698823,-47.3882,korean,#2f8cae
1,69673,DaeGaak,14.261029999999998,19.18241,korean,#2f8cae
1,65639,CheonMun,13.457545999999999,-15.973578,korean,#2f8cae
1,64238,JinHyeon,13.165830999999999,-5.53901,korean,#2f8cae
1,84514,GeoSaa,17.276857,-0.445297,korean,#2f8cae
1,90067,BaekTaak,18.380288,17.826616,korean,#2f8cae
1,93244,DoSaa,18.993710999999998,15.068298,korean,#2f8cae
1,80463,YeolSaa,16.423598000000002,14.033270000000002,korean,#2f8cae
1,61174,JwaHaal,12.534510000000001,-16.196007,korean,#2f8cae
1,59199,UuHaal,12.140225,-24.728875,korean,#2f8cae
1,60129,JwaJipBeop,12.331766,-0.6668029999999999,korean,#2f8cae
1,57757,UuJipBeop,11.844922,1.764718,korean,#2f8cae
1,64962,Pyeong,13.315358999999999,-23.171512,korean,#2f8cae
1,13147,Fornax,2.8181689999999997,-32.405898,western,#5bc4c7
