star_ID,count,ra,dec,size,culture
110023,1,22.285139,-5.387164,36,chinese_medieval
10623,1,2.279251,83.561414,36,chinese_medieval
100751,1,20.427459,-56.73509,36,western
117299,1,23.783866,57.451359,36,chinese_medieval
25142,1,5.3805559999999995,3.5444519999999997,36,lokono
22157,1,4.76715,11.705591,36,chinese_medieval
109111,1,22.101914,-39.543353,36,western
59767,1,12.255737,87.700115,36,chinese_medieval
38722,1,7.927749,19.88397,36,chinese_medieval
98438,1,20.000919,17.516510999999998,36,korean
31125,1,6.5309349999999995,-23.418422,36,chinese_medieval
53824,1,11.012445,6.101449,36,chinese_medieval
21060,1,4.513916,-44.953749,36,western
22881,1,4.9218470000000005,-16.417767,36,korean
8778,1,1.8811419999999999,-16.92925,36,romanian
37004,1,7.604792,-40.531267,36,arabic
61384,1,12.578902000000001,70.02176999999999,36,korean
105193,1,21.309008,61.18439300000001,36,armintxe
88981,1,18.16205,-13.934435,36,northern_andes
113327,1,22.95125,48.684067999999996,36,korean
2240,1,0.47402700000000003,-39.915002,36,chinese_medieval
35415,1,7.311802,-24.954375,36,chinese_medieval
91014,1,18.566046,-33.01656,36,lokono
55797,1,11.43254,55.850458999999994,36,chinese_medieval
33682,1,6.997378,-67.916443,36,boorong
92056,1,18.762989,74.085553,36,korean
100261,1,20.334998000000002,68.880317,36,chinese_medieval
81854,1,16.71838,77.513973,36,korean
98234,1,19.962623999999998,16.789163000000002,36,chinese_medieval
36393,1,7.489012,28.118275,36,boorong
33694,1,7.001081,76.977408,36,korean
64417,1,13.202335999999999,24.258027,36,boorong
38827,1,7.946313000000001,-52.98236,36,arabic
22439,1,4.828402,-13.769669,36,chinese_medieval
47701,1,9.725906,29.974473,36,chinese_medieval
10559,1,2.265635,33.358895000000004,36,arabic
69996,1,14.323395999999999,-46.058093,36,chinese_medieval
98842,1,20.072108,-32.056296,36,arabic
14143,1,3.039588,4.3528839999999995,36,arabic
51523,1,10.522775,-53.715484,36,tupi
25278,1,5.407071,17.383534,36,korean
84671,1,17.310275,10.864475,36,korean
12484,1,2.677666,-54.549911,36,western
194,1,0.041583999999999996,8.485463000000001,36,seleucid
112833,1,22.850818,85.373739,36,chinese_medieval
78012,1,15.929884,37.946958,36,chinese_medieval
33478,1,6.95942,-24.630841,36,boorong
16602,1,3.5614550000000005,57.868725,36,tukano
71865,1,14.699332,-37.793498,36,chinese_medieval
37580,1,7.7121,34.000218,36,boorong
90830,1,18.529287,-45.914814,36,korean
60327,1,12.369675,24.773866,36,lokono
26795,1,5.690775,3.778039,36,boorong
518,1,0.10435599999999999,58.436733,36,tukano
59923,1,12.291827,28.937189,36,chinese_medieval
80197,1,16.372618,33.799052,36,chinese_medieval
33202,1,6.910732,13.177826999999999,36,korean
10795,1,2.316097,23.167815,36,chinese_medieval
18975,1,4.065723,8.197269,36,chinese_medieval
4572,1,0.9752850000000001,66.351793,36,chinese_medieval
80337,1,16.400354999999998,-39.19298,36,chinese_medieval
111056,1,22.498047,78.824285,36,chinese_medieval
14817,1,3.1881630000000003,39.611582,36,armintxe
115142,1,23.323327,-5.124352,36,korean
31173,1,6.540885,32.454898,36,chinese_medieval
41039,1,8.375471000000001,-48.490381,36,tupi
12832,1,2.7493279999999998,12.445761,36,maya
108991,1,22.079839,-0.906343,36,chinese_medieval
57870,1,11.869537,-56.987741,36,chinese_medieval
90642,1,18.494717,-1.985308,36,northern_andes
37300,1,7.657942,17.674519,36,chinese_medieval
51635,1,10.54913,-47.003353000000004,36,korean
72573,1,14.838814000000001,82.511944,36,chinese_medieval
61468,1,12.595987,-41.021945,36,chinese_medieval
42536,1,8.671553999999999,-52.921887,36,western
95771,1,19.478427,24.664904999999997,36,western
22565,1,4.8562389999999995,18.839861,36,chinese_medieval
36896,1,7.585777999999999,30.960924,36,boorong
10054,1,2.157062,81.29594499999997,36,chinese_medieval
62683,1,12.844769,-33.999302,36,navajo
29508,1,6.216499,10.287415,36,navajo
6981,1,1.498017,18.355669,36,chinese_medieval
16244,1,3.4894559999999997,49.508948,36,tukano
37704,1,7.7352539999999985,25.784159,36,seleucid
99158,1,20.130658,9.399833000000001,36,boorong
93015,1,18.949177,-67.23349499999999,36,western
79867,1,16.302721,68.55454499999999,36,korean
102388,1,20.747919,25.270617,36,korean
105269,1,21.322828,38.237473,36,armintxe
43067,1,8.772927000000001,-13.547720000000002,36,chinese_medieval
186,1,0.040046,8.956824000000003,36,seleucid
67627,1,13.857204999999999,64.723272,36,chinese_medieval
42201,1,8.604845,20.341506,36,egyptian
63613,1,13.037759,-71.548855,36,tupi
22028,1,4.73555,-18.666586,36,korean
12444,1,2.670117,-9.452875,36,chinese_medieval
14544,1,3.1298169999999996,47.308709,36,tukano
90098,1,18.387117,-61.493901,36,western
92382,1,18.826388,-43.434102,36,tukano
70027,1,14.329232999999999,16.306948000000002,36,chinese_medieval
47522,1,9.688058,-23.591514,36,korean
24799,1,5.316674,33.748394,36,korean
66936,1,13.717698,3.537903,36,chinese_medieval
57587,1,11.806524000000001,-10.313105,36,chinese_medieval
108952,1,22.073288,-29.916529999999998,36,chinese_medieval
70035,1,14.331002,-61.272971999999996,36,boorong
82321,1,16.820615,45.983323,36,egyptian
26870,1,5.704893,2.367177,36,boorong
106913,1,21.652812,-27.306571999999996,36,chinese_medieval
103635,1,20.997457999999998,16.824342,36,armintxe
13108,1,2.808913,18.28379,36,seleucid
112761,1,22.836137,50.676916999999996,36,chinese_medieval
86768,1,17.729728,-7.079608,36,northern_andes
3992,1,0.85509,3.38502,36,chinese_medieval
108587,1,21.997092000000002,70.86604,36,romanian
950,1,0.195552,-35.133119,36,chinese_medieval
56253,1,11.530832,81.127257,36,chinese_medieval
1921,1,0.404348,52.019914,36,chinese_medieval
966,1,0.19891,-42.172144,36,chinese_medieval
69536,1,14.234773,12.959444,36,chinese_medieval
72370,1,14.797701000000002,-79.044751,36,western
8046,1,1.7221509999999998,60.551331999999995,36,chinese_medieval
67429,1,13.819429000000001,51.483362,36,navajo
91989,1,18.74921,-39.686188,36,tukano
102216,1,20.711025,60.601316000000004,36,armintxe
87879,1,17.951954,-13.653238,36,northern_andes
32578,1,6.7976800000000015,2.412159,36,northern_andes
105425,1,21.354611,-49.938248,36,chinese_medieval
98162,1,19.94912,-27.169898999999997,36,chinese_medieval
101477,1,20.565297,-44.516048,36,chinese_medieval
42080,1,8.576711,65.14517,36,korean
114,1,0.024777,30.735784999999996,36,navajo
87544,1,17.884733999999995,-13.650229999999999,36,northern_andes
4852,1,1.0406739999999999,-31.552004999999998,36,chinese_medieval
105727,1,21.413729,80.524826,36,korean
47205,1,9.620185000000001,6.835802,36,chinese_medieval
24575,1,5.271708,34.312317,36,korean
104194,1,21.110026,47.648403,36,korean
51979,1,10.620481,-27.412634000000004,36,chinese_medieval
105229,1,21.315369,41.040518,36,armintxe
88857,1,18.14132,-16.416665,36,northern_andes
117927,1,23.918831,7.070972,36,seleucid
100435,1,20.367620000000002,24.446099,36,korean
62423,1,12.792873,66.790304,36,chinese_medieval
67663,1,13.863117,-46.898666,36,chinese_medieval
21296,1,4.569897,-8.231352000000001,36,chinese_medieval
42008,1,8.562077,4.757,36,ojibwe
82802,1,16.922825,18.433213000000002,36,chinese_medieval
100515,1,20.382089,42.983543,36,armintxe
103736,1,21.020644,43.721788000000004,36,armintxe
25918,1,5.531318,-76.340964,36,western
75206,1,15.368975,-47.927792,36,chinese_medieval
7506,1,1.6124399999999999,-58.270966,36,boorong
113998,1,23.086904,-17.07925,36,chinese_medieval
79320,1,16.188256,-41.11980300000001,36,chinese_medieval
19780,1,4.240404,-62.47385799999999,36,western
64577,1,13.236360999999999,-19.930947,36,seleucid
45496,1,9.270024000000001,-57.541472999999996,36,tongan
92689,1,18.887096,50.708221,36,korean
115125,1,,,36,korean
63117,1,12.932538000000001,-56.83580600000001,36,northern_andes
91845,1,18.725348,-8.275215,36,korean
24254,1,5.206237000000002,73.946674,36,chinese_medieval
9909,1,2.126074,66.989343,36,navajo
117887,1,23.912951,0.10930899999999999,36,chinese_medieval
19587,1,4.197761,-6.837581,36,korean
76939,1,15.710645000000001,-37.424935,36,maya
62807,1,12.870071000000001,17.073943,36,korean
70400,1,14.403151000000001,5.820131,36,korean
68707,1,14.065488,4.9009730000000005,36,korean
17717,1,3.794347,-23.874677,36,chinese_medieval
31978,1,6.682961,9.895754,36,korean
26106,1,5.567747,-1.035726,36,boorong
29919,1,6.298563,61.515285999999996,36,chinese_medieval
28171,1,5.952385,10.229365,36,navajo
113503,1,22.986615,11.728844,36,chinese_medieval
83262,1,17.017667000000007,-4.222644,36,chinese_medieval
46371,1,9.455110000000001,-22.343783,36,korean
97757,1,19.866408,47.02733900000001,36,armintxe
30104,1,6.335018,-48.741093,36,boorong
9589,1,2.053236,0.12850699999999998,36,korean
107930,1,21.866954,55.796743000000006,36,tupi
83313,1,17.026767,33.56827,36,chinese_medieval
35699,1,7.3657949999999985,20.443658,36,chinese_medieval
30093,1,6.333222,-2.944493,36,northern_andes
21928,1,4.715089,43.365138,36,boorong
56997,1,11.684171000000001,34.201634999999996,36,chinese_medieval
113501,1,22.986209,52.65453,36,chinese_medieval
35987,1,7.416161,11.669524000000001,36,chinese_medieval
68763,1,14.074160999999998,-14.971708,36,chinese_medieval
52980,1,10.838349000000001,-8.897763000000003,36,chinese_medieval
75501,1,15.422285,-38.73362,36,chinese_medieval
10340,1,2.220369,44.231652000000004,36,korean
24294,1,5.213369,-6.05719,36,dakota
64557,1,13.232698000000001,-43.139107,36,chinese_medieval
91792,1,18.71726,-71.428113,36,western
80945,1,16.528269,-41.817145000000004,36,chinese_medieval
88404,1,18.051367000000006,-8.180349,36,northern_andes
79599,1,16.241357,-21.107636,36,korean
97783,1,19.870001000000002,-19.044991,36,chinese_medieval
1657,1,0.345978,32.911186,36,seleucid
91975,1,18.747204999999997,2.060038,36,korean
62732,1,12.854994,-60.329789,36,northern_andes
101936,1,20.656914,0.48644499999999996,36,korean
58642,1,12.024784,-57.503777,36,chinese_medieval
103512,1,20.971505,8.51535,36,egyptian
22263,1,4.793413,-16.934456,36,korean
115746,1,23.44999,87.30750400000002,36,chinese_medieval
56986,1,11.681567999999999,-62.090101000000004,36,chinese_medieval
6732,1,1.4449100000000001,19.240422,36,mulapin
38048,1,7.799089,-12.192705,36,chinese_medieval
42146,1,8.591166000000001,-7.982292,36,chinese_medieval
29860,1,6.287816,5.100112,36,northern_andes
93717,1,19.082687,-4.03142,36,northern_andes
71295,1,14.580758,-20.439381,36,chinese_medieval
101724,1,20.619673000000002,-1.311014,36,armintxe
40702,1,8.308703,-76.919722,36,western
15457,1,3.322693,3.3701980000000002,36,korean
89153,1,18.19537,-23.701235,36,chinese_medieval
11279,1,2.421119,56.609823,36,tukano
113996,1,23.086052,-7.693801,36,korean
58386,1,11.971927,32.330647,36,chinese_medieval
87072,1,17.792673999999995,-27.830788000000002,36,western
34033,1,7.0605759999999975,10.951817,36,chinese_medieval
108022,1,21.88438,25.92514,36,chinese_medieval
58082,1,11.911816,-25.713887,36,chinese_medieval
115833,1,23.466858,-35.54448499999999,36,chinese_medieval
20732,1,4.443437,14.713782,36,korean
16599,1,3.560855,54.97485699999999,36,tukano
14844,1,3.195229,81.47071,36,chinese_medieval
664,1,0.136693,-2.447711,36,korean
65420,1,13.409229999999999,-5.16401,36,korean
1465,1,0.304791,11.206214,36,chinese_medieval
46515,1,9.487423,-35.951335,36,chinese_medieval
38319,1,7.8506550000000015,33.233653000000004,36,boorong
105898,1,21.447668,48.835167999999996,36,armintxe
9586,1,2.052914,73.85056999999998,36,chinese_medieval
36211,1,7.457178,66.331571,36,chinese_medieval
15737,1,3.379234,20.742069,36,chinese_medieval
1402,1,0.292417,-19.051092,36,tukano
60816,1,12.465415,-8.677994,36,navajo
3455,1,0.7365,-10.60955,36,chinese_medieval
60059,1,12.316608,-55.143002,36,tupi
109199,1,22.120864,-22.240668,36,chinese_medieval
21763,1,4.674030999999999,-19.671492999999998,36,korean
37504,1,7.697004,-72.606098,36,western
117447,1,23.813937,62.214516,36,armintxe
103004,1,20.868801,27.096978999999997,36,korean
98526,1,20.016382999999998,8.557735000000001,36,boorong
70300,1,14.383956,-39.511819,36,chinese_medieval
4510,1,0.963931,28.992217,36,seleucid
2663,1,0.56217,-35.002078000000004,36,chinese_medieval
80181,1,16.368287,30.891996000000002,36,chinese_medieval
8814,1,1.888152,40.72979,36,seleucid
57646,1,11.820774,16.242882,36,chinese_medieval
61740,1,12.654102,-7.995564,36,navajo
60019,1,12.308922,-8.904421000000003,36,navajo
80569,1,16.450398999999994,-18.456251,36,chinese_medieval
55581,1,11.385596000000001,-56.779355,36,chinese_medieval
51839,1,10.591166000000001,-78.607786,36,western
74006,1,15.123873999999999,-49.088612,36,chinese_medieval
71040,1,14.528567,60.225636,36,chinese_medieval
72631,1,14.850298,-2.29915,36,romanian
58758,1,12.050447,-63.31293,36,chinese_medieval
105858,1,21.440704999999998,-65.366198,36,western
71115,1,14.542373999999999,22.260059,36,chinese_medieval
19799,1,4.243398,10.011406,36,korean
78661,1,16.058718,76.793939,36,korean
95564,1,19.438654,-21.776692999999998,36,arabic_moon_stations
15444,1,3.3187870000000004,50.094966,36,tukano
107901,1,21.861595,-18.62294,36,chinese_medieval
101756,1,20.623217,38.328665,36,armintxe
107797,1,21.836939,-16.844914000000006,36,chinese_medieval
70931,1,14.505823000000001,-49.519018,36,chinese_medieval
95503,1,19.424906,-23.962457,36,arabic_moon_stations
110000,1,22.280012,-12.831436,36,chinese_medieval
58858,1,12.071277,21.459153,36,chinese_medieval
25861,1,5.520703,3.292133,36,lokono
77060,1,15.734556,-15.672834,36,chinese_medieval
19740,1,4.232329,9.263824000000001,36,korean
9677,1,2.0748439999999997,-29.296819,36,chinese_medieval
60880,1,12.477265,26.226959,36,chinese_medieval
1366,1,0.28486300000000003,38.681636,36,navajo
114162,1,23.119459,52.816601,36,chinese_medieval
116118,1,23.528345,-21.369457,36,tukano
36284,1,7.4693869999999984,8.92553,36,korean
1473,1,0.305463,36.785224,36,seleucid
19811,1,4.248143,40.483671,36,boorong
86170,1,17.609121,-38.635308,36,tukano
27971,1,5.916062999999999,59.888367,36,chinese_medieval
99825,1,20.254806,-27.032977000000002,36,chinese_medieval
44504,1,9.066778,54.283887,36,chinese_medieval
26093,1,5.565079,14.305578,36,lokono
101868,1,20.642198,24.115958,36,korean
95556,1,19.435868,36.31789600000001,36,chinese_medieval
60900,1,12.481015,-6.530283,36,navajo
3456,1,0.736683,-38.421686,36,chinese_medieval
7650,1,1.6419259999999998,73.04004,36,chinese_medieval
2484,1,0.525725,-62.958218,36,western
57779,1,11.848706,12.279036999999999,36,chinese_medieval
106703,1,21.613553,-33.047896,36,chinese_medieval
26258,1,5.592046,-5.267384,36,tongan
42578,1,8.678669000000001,19.719314,36,chinese_medieval
7294,1,1.565528,59.23204000000001,36,chinese_medieval
107649,1,21.804363000000002,-47.303615,36,chinese_medieval
5251,1,1.119292,53.498185,36,tukano
89290,1,18.220194,-41.336110999999995,36,lokono
34318,1,7.1145770000000015,-24.960572,36,boorong
101997,1,20.669925,-23.77386700000001,36,chinese_medieval
56510,1,11.584695,54.785419,36,chinese_medieval
25945,1,5.536875,18.594234,36,korean
22044,1,4.740508,11.146137,36,chinese_medieval
111795,1,22.64386,56.795632,36,chinese_medieval
100232,1,20.328685,-1.078514,36,chinese_medieval
25769,1,5.502835,63.06721999999999,36,chinese_medieval
24109,1,5.178585,46.962070000000004,36,macedonian
110135,1,22.30948900000001,-20.740014000000002,36,chinese_medieval
46744,1,9.527497,-10.552013,36,chinese_medieval
76880,1,15.699110999999998,-19.678828,36,arabic_moon_stations
42133,1,8.588735,19.590063,36,egyptian
85922,1,17.55829,-5.744803,36,korean
61379,1,12.578448,-44.673018,36,chinese_medieval
25197,1,5.391065,57.544394999999994,36,korean
111515,1,22.593436999999998,-23.991094,36,chinese_medieval
109472,1,22.177078,-11.564939,36,korean
1630,1,0.340111,30.935614,36,seleucid
114273,1,23.1447,2.127883,36,korean
83057,1,16.971651,-50.641185,36,tupi
26210,1,5.585891,-0.269599,36,boorong
103527,1,20.973871,10.839286,36,egyptian
91237,1,18.610854,6.671805,36,korean
26234,1,5.589532,-4.42432,36,egyptian
79488,1,16.220953,5.021086,36,korean
56410,1,11.565639,36.815614000000004,36,chinese_medieval
103511,1,20.971208999999998,22.325908,36,armintxe
11348,1,2.433431,-15.341247000000001,36,chinese_medieval
26174,1,5.5800529999999995,-0.9536370000000001,36,boorong
87616,1,17.898548,-34.752721,36,chinese_medieval
102843,1,20.834695,44.059304,36,tupi
32537,1,6.7892779999999995,-37.929697999999995,36,chinese_medieval
46880,1,9.553461,-21.115722,36,korean
70327,1,14.389638,8.446617,36,korean
81673,1,16.684604999999998,36.201194,36,ojibwe
31646,1,6.623345,6.135382,36,northern_andes
100062,1,20.300388,-21.80996,36,chinese_medieval
65245,1,13.370854999999999,30.291938000000002,36,boorong
38835,1,7.94765,-22.880119,36,dakota
79524,1,16.227875,-21.39996,36,korean
103571,1,20.984753,4.29461,36,egyptian
13339,1,2.8615939999999997,46.841939,36,tukano
33817,1,7.02048,-25.948716,36,boorong
109592,1,22.20056,60.759094999999995,36,korean
89401,1,18.244723999999998,56.588238,36,chinese_medieval
113638,1,23.014677,-52.754137,36,western
52911,1,10.820953,10.545202,36,chinese_medieval
87836,1,17.944955,-28.065394,36,chinese_medieval
111539,1,22.59689,-17.460424,36,chinese_medieval
29843,1,6.284331,-22.715229,36,chinese_medieval
50954,1,10.406592,-74.031612,36,tupi
56901,1,11.664201,-14.468529,36,seleucid
17954,1,3.838593,25.579362,36,korean
109624,1,22.207155,-14.193957000000001,36,chinese_medieval
13367,1,2.866319,68.888497,36,chinese_medieval
67057,1,13.741617999999999,-16.179072,36,chinese_medieval
80862,1,16.51226,-4.082578,36,navajo
5589,1,1.1948290000000001,65.018854,36,tupi
81641,1,16.677413,4.219789,36,chinese_medieval
114421,1,23.172639999999998,-45.246711,36,western
108294,1,21.939659,-37.253655,36,chinese_medieval
69226,1,14.173314999999999,25.091677,36,korean
25541,1,5.4608019999999975,34.475892,36,chinese_medieval
91105,1,18.583998,-10.977205999999999,36,northern_andes
27588,1,5.841673999999999,2.0247,36,boorong
103359,1,20.940407,50.728598,36,armintxe
64839,1,13.291754999999998,52.20747100000001,36,navajo
78914,1,16.108176,-45.173185,36,korean
32402,1,6.764922,-52.409690999999995,36,boorong
88839,1,18.134716,-28.457093,36,chinese_medieval
107409,1,21.755198,-49.498761,36,chinese_medieval
63948,1,13.105901,21.153397000000002,36,tukano
76371,1,15.598126,-44.958389000000004,36,chinese_medieval
118243,1,23.983482000000002,55.754928,36,korean
48002,1,9.785036,-65.072007,36,tupi
25473,1,5.447286,3.0956740000000003,36,lokono
93056,1,18.954975,-44.301365999999994,36,japanese_moon_stations
60771,1,12.456899,-63.788986,36,northern_andes
62327,1,12.772981,-56.488815,36,chinese_medieval
39794,1,8.132173,-68.617062,36,western
7981,1,1.7082700000000002,20.268504,36,chinese_medieval
5936,1,1.271922,33.11472,36,chinese_medieval
96052,1,19.529533999999998,34.452968,36,chinese_medieval
104974,1,21.262456,-15.1715,36,korean
12107,1,2.600013,-7.831597,36,korean
77655,1,15.85387,35.657382,36,chinese_medieval
27468,1,5.816935,24.567535,36,korean
88012,1,17.977514000000006,-28.759089000000003,36,chinese_medieval
20354,1,4.359211,46.49887800000001,36,korean
96100,1,19.539149,69.661175,36,korean
23362,1,5.023772,-20.051918,36,chinese_medieval
16245,1,3.489558,-62.937527,36,boorong
2876,1,0.607595,60.32621500000001,36,tukano
94083,1,19.152716,76.560502,36,chinese_medieval
9009,1,1.9333369999999999,68.685242,36,chinese_medieval
59282,1,12.160779,-58.34965500000001,36,northern_andes
813,1,0.167278,11.145813,36,chinese_medieval
101164,1,20.505551,49.78017,36,armintxe
26518,1,5.639371,8.48731,36,lokono
80682,1,16.472542999999998,67.044,36,chinese_medieval
16281,1,3.49854,58.87875,36,tukano
14240,1,3.060239,-59.737775,36,western
88866,1,18.143,-63.668553,36,western
5165,1,1.101407,-46.718414,36,western
42834,1,8.727853999999999,-49.822802,36,tupi
105334,1,21.335967999999998,-45.021893,36,chinese_medieval
62227,1,12.753915,-62.21765799999999,36,northern_andes
62223,1,12.752174,45.440256,36,navajo
60308,1,12.365953,-56.374385,36,boorong
102395,1,20.749314000000002,-66.203212,36,western
34798,1,7.2033929999999975,-25.942588,36,boorong
79788,1,16.283110999999998,-20.104088,36,korean
40881,1,8.342260000000001,24.022314,36,chinese_medieval
25353,1,5.422263,-12.554091,36,macedonian
90037,1,18.371828,-38.656894,36,lokono
106429,1,21.556534,-44.8487,36,chinese_medieval
13055,1,2.796568,81.448475,36,chinese_medieval
765,1,0.156836,-45.747426000000004,36,western
34802,1,7.2043919999999995,-40.498808000000004,36,chinese_medieval
21239,1,4.556135,-10.785333,36,chinese_medieval
63432,1,12.998664999999999,66.597272,36,korean
88258,1,18.023089000000002,-17.156868,36,northern_andes
84720,1,17.317655,-46.636235,36,chinese_medieval
47168,1,9.611903,31.16173400000001,36,chinese_medieval
2142,1,0.452034,80.052141,36,chinese_medieval
50066,1,10.222069,-27.028890999999998,36,chinese_medieval
88116,1,17.996543,-23.816132999999997,36,chinese_medieval
56078,1,11.494061,-24.464011,36,chinese_medieval
31789,1,6.6469949999999995,39.902559000000004,36,chinese_medieval
90139,1,18.394967,21.769752,36,korean
24607,1,5.278067,1.947328,36,lokono
43,1,0.008593,59.559679,36,tukano
47654,1,9.715895,72.252618,36,korean
102453,1,20.761043,30.719715,36,korean
78459,1,16.017412,33.303509000000005,36,chinese_medieval
34814,1,7.206716,-27.474758,36,boorong
21139,1,4.531296,-0.044011,36,chinese_medieval
30788,1,6.469503,-32.58007,36,chinese_medieval
8837,1,1.894102,-46.302669,36,western
6242,1,1.334699,58.231611,36,korean
23166,1,4.983713,-16.376027,36,korean
87728,1,17.919762,72.005127,36,korean
48833,1,9.96141,41.055633,36,korean
101384,1,20.547877,-24.943829,36,chinese_medieval
96440,1,19.607243,-18.852921,36,arabic_moon_stations
88550,1,18.080662,-35.901441999999996,36,chinese_medieval
18597,1,3.9790949999999996,-61.400185,36,western
59872,1,12.278914,-2.7395490000000002,36,navajo
29151,1,6.149418,2.499692,36,western
27100,1,5.7462230000000005,-65.73552600000001,36,western
102589,1,20.790149,36.490717,36,armintxe
37331,1,7.663458,-72.581916,36,boorong
59856,1,12.275039999999999,33.061527000000005,36,chinese_medieval
86201,1,17.615859,68.75797,36,korean
63950,1,13.106278,22.616187,36,boorong
21029,1,4.509342,16.194014000000006,36,korean
14862,1,3.198957,74.393659,36,chinese_medieval
57439,1,11.775232,-61.178398,36,chinese_medieval
59996,1,12.304692999999999,-63.28014200000001,36,northern_andes
68184,1,13.958910999999999,61.492861,36,chinese_medieval
37379,1,7.673114,-15.26392,36,chinese_medieval
47594,1,9.704137,69.237537,36,korean
88528,1,18.077835999999998,23.941999,36,romanian
6312,1,1.35145,64.65813100000001,36,chinese_medieval
10320,1,2.21513,-30.723825,36,chinese_medieval
107472,1,21.767879,22.94888,36,korean
59468,1,12.19755,25.870279999999998,36,chinese_medieval
2661,1,0.561401,-29.558278,36,chinese_medieval
60998,1,12.501868,69.201123,36,korean
65593,1,13.448922,-41.497562,36,chinese_medieval
55756,1,11.424852,-36.063062,36,korean
90191,1,18.40383,39.507239,36,korean
22834,1,4.913273,7.779097,36,kamilaroi
63802,1,13.076905,-61.710283,36,northern_andes
84105,1,17.194077,-48.873399,36,chinese_medieval
109056,1,22.092964000000002,28.963981,36,chinese_medieval
20635,1,4.422822,22.293874,36,chinese_medieval
71832,1,14.694097,8.161764,36,romanian
2210,1,0.4654720000000001,-33.007166999999995,36,chinese_medieval
91217,1,18.607731,9.122491,36,korean
107089,1,21.691253,-77.390046,36,western
99655,1,20.223288,56.567721999999996,36,armintxe
32883,1,6.85197,-47.326046999999996,36,kamilaroi
98571,1,20.022655,50.104695,36,armintxe
6502,1,1.391933,-30.945617,36,chinese_medieval
88331,1,18.039735999999998,20.833632,36,chinese_medieval
82273,1,16.811076999999994,-69.027715,36,western
78105,1,15.948193,-33.966134000000004,36,korean
69929,1,14.310626999999998,-18.715968,36,chinese_medieval
29941,1,6.303813,-19.966974,36,korean
72010,1,14.727623999999999,-35.173655,36,chinese_medieval
90441,1,18.453475,0.196108,36,northern_andes
92488,1,18.849586,-9.774096,36,chinese_medieval
57669,1,11.828077,-63.78847800000001,36,chinese_medieval
92512,1,18.853348,59.388351,36,korean
71876,1,14.700889000000002,61.26191600000001,36,chinese_medieval
74117,1,15.147394,-45.279857,36,chinese_medieval
30972,1,6.500826999999999,46.685553999999996,36,chinese_medieval
48341,1,9.853898,-4.24335,36,chinese_medieval
51576,1,10.533743,-61.685331999999995,36,korean
6522,1,1.3963370000000002,78.726056,36,chinese_medieval
26762,1,5.684888,0.337753,36,boorong
94727,1,19.275287,4.834795,36,chinese_medieval
6706,1,1.437573,19.172345999999997,36,dakota
31278,1,6.560534,-1.2201540000000002,36,northern_andes
43142,1,8.787496,-1.8970330000000002,36,chinese_medieval
667,1,0.137128,29.732273,36,indian
113186,1,22.92046400000001,8.816166,36,korean
80016,1,16.33344,-9.850982,36,navajo
4475,1,0.955435,61.42189499999999,36,tukano
84500,1,17.275477,1.210545,36,chinese_medieval
53807,1,11.009347,3.617494,36,korean
83153,1,16.993069000000002,-53.160438,36,tupi
98495,1,20.009845000000002,-72.910504,36,western
69829,1,14.291236999999999,15.263379999999998,36,chinese_medieval
26882,1,5.707347,65.697649,36,chinese_medieval
57791,1,11.85062,-5.333332,36,seleucid
86399,1,17.654427,30.253358000000002,36,egyptian
37891,1,7.765797,-14.563804999999999,36,chinese_medieval
22678,1,4.877218,36.703187,36,korean
84402,1,17.255635,-14.58414,36,korean
133,1,0.02823,-40.148702,36,chinese_medieval
102531,1,20.777462,16.124133999999998,36,armintxe
73937,1,15.109222,-30.918483000000002,36,chinese_medieval
102611,1,20.794,16.238441,36,boorong
24951,1,5.3442120000000015,46.963783,36,macedonian
37229,1,7.6471860000000005,-26.803835999999997,36,dakota
59273,1,,,36,seleucid
73497,1,15.022174,-2.754927,36,romanian
12621,1,2.703739,42.777947999999995,36,korean
61719,1,12.650606,22.659497,36,tukano
80212,1,16.374741,-43.912051,36,chinese_medieval
67848,1,13.897507000000001,53.72867700000001,36,navajo
88326,1,18.039510999999997,-12.318373,36,northern_andes
82037,1,16.758243,1.020161,36,chinese_medieval
20901,1,4.480601,13.047602000000001,36,korean
106907,1,21.651697,-33.678856,36,chinese_medieval
102487,1,20.769441,-21.514032,36,chinese_medieval
111170,1,22.521753,-6.5551509999999995,36,chinese_medieval
107517,1,21.775582999999997,-11.365953999999999,36,korean
117756,1,23.880702,-8.996756,36,romanian
109556,1,22.191828,59.414488,36,korean
29711,1,6.258243,-4.914719,36,kamilaroi
52730,1,10.780024000000001,-69.209786,36,kamilaroi
72290,1,14.783694,-52.383518,36,chinese_medieval
60000,1,12.305812,-79.31224,36,western
100738,1,20.424119,-28.663269,36,chinese_medieval
10642,1,2.283068,-6.422116,36,romanian
26126,1,5.571326,3.766895,36,lokono
4283,1,0.914667,83.707435,36,chinese_medieval
65721,1,13.473837,13.778787,36,korean
51384,1,10.495037,84.252009,36,chinese_medieval
61611,1,12.625697,53.753177,36,navajo
9990,1,2.144606,58.423601,36,tukano
16641,1,3.568993,17.832828,36,seleucid
61789,1,12.664594000000001,-39.987302,36,chinese_medieval
24927,1,5.340811,-21.239763,36,chinese_medieval
24817,1,5.319783,2.595806,36,lokono
106999,1,21.669749,43.273839,36,armintxe
8209,1,1.760763,-25.05261,36,korean
96760,1,19.668657,-23.429085999999998,36,arabic_moon_stations
59396,1,12.184772,-61.277425,36,northern_andes
61179,1,12.535781,-56.129539,36,northern_andes
65535,1,13.435482999999998,-39.755107,36,chinese_medieval
81305,1,16.606268,-42.858861,36,chinese_medieval
104750,1,21.221479000000002,-27.619333,36,chinese_medieval
94685,1,19.266525,27.926302000000003,36,macedonian
75828,1,15.490075,-46.732704,36,chinese_medieval
70069,1,14.338763,-56.386497,36,korean
113080,1,22.901568,-19.175148999999998,36,chinese_medieval
22626,1,4.868109,63.505421,36,chinese_medieval
53907,1,11.030465,-2.484585,36,korean
26712,1,5.676641,31.358196999999997,36,chinese_medieval
2611,1,0.552879,54.894985,36,tukano
2072,1,0.436716,-43.679829,36,western
66015,1,13.534114,-18.72888,36,chinese_medieval
34924,1,7.226792,-27.35636,36,boorong
108784,1,22.036625,-17.903474,36,chinese_medieval
69989,1,14.321188000000001,13.004299000000001,36,chinese_medieval
102635,1,20.797025,47.831869,36,armintxe
35044,1,7.2475460000000025,-27.037996000000003,36,boorong
8626,1,1.854701,64.854952,36,tukano
30247,1,6.362811,53.452179,36,chinese_medieval
19921,1,4.274738,-59.302156000000004,36,western
63972,1,13.109743,-41.588443,36,chinese_medieval
10280,1,2.206191,30.303067,36,chinese_medieval
10328,1,2.217584,15.279860000000001,36,korean
33152,1,6.902209,-24.184210999999998,36,boorong
90595,1,18.486626,-14.565813,36,western
102431,1,20.755878,57.579725,36,armintxe
84862,1,17.34432,32.467743,36,chinese_medieval
58921,1,12.082564,-60.968252,36,chinese_medieval
30185,1,6.350803,2.568784,36,northern_andes
26149,1,5.574802,-0.012345,36,boorong
7679,1,1.647718,-21.275384,36,korean
5626,1,1.204601,79.673963,36,chinese_medieval
64348,1,13.189789000000001,-43.36855300000001,36,chinese_medieval
75256,1,15.377014,62.047076000000004,36,korean
52102,1,10.645833999999999,-59.182997,36,boorong
27530,1,5.830451,-56.166663,36,western
37773,1,7.745519,-66.071933,36,kamilaroi
19949,1,4.278638,53.611799,36,korean
17900,1,3.828758,23.711855,36,boorong
68498,1,14.022341,8.894906,36,korean
21986,1,4.726318,-8.794317,36,chinese_medieval
25475,1,5.447578,33.262258,36,chinese_medieval
82979,1,16.957222,-10.963372999999999,36,chinese_medieval
7699,1,1.652106,-56.429373,36,boorong
101909,1,20.65138,15.838199,36,boorong
102092,1,20.689902,-31.598289,36,chinese_medieval
75260,1,15.377341,63.341439,36,korean
17271,1,3.698609,43.514373,36,egyptian
20025,1,4.295284,13.836592000000001,36,japanese_moon_stations
30214,1,6.356865,-11.773238000000001,36,chinese_medieval
7751,1,1.663169,-56.1964,36,boorong
87706,1,17.915012,-24.887095000000002,36,chinese_medieval
69269,1,14.18069,-16.30203,36,chinese_medieval
37629,1,7.721867,28.883509999999998,36,boorong
116368,1,23.580378,-15.246004999999998,36,tukano
88836,1,18.133959,36.40126400000001,36,korean
46734,1,9.525601,-31.871831,36,chinese_medieval
102029,1,20.676475,15.643245,36,boorong
11477,1,2.467139,-33.811039,36,korean
79664,1,16.257297,-63.68568199999999,36,tupi
22086,1,4.751156,-21.283382999999997,36,korean
115088,1,23.3104,68.11144499999999,36,korean
113531,1,22.993243,-13.070895,36,chinese_medieval
79509,1,16.224648000000002,-54.630467,36,western
93580,1,19.058958999999998,1.818768,36,chinese_medieval
42556,1,8.67417,19.544808,36,arabic_moon_stations
43834,1,8.927688999999997,27.927481,36,korean
56862,1,11.658227,-65.397766,36,tupi
75696,1,15.464286999999999,60.670217,36,korean
36773,1,7.563323,-14.523892000000002,36,chinese_medieval
100256,1,20.333385999999997,13.548091000000001,36,chinese_medieval
47006,1,9.580405,52.051477,36,navajo
12189,1,2.6168099999999996,24.647222,36,kamilaroi
90647,1,18.495823,77.54706800000002,36,chinese_medieval
26508,1,5.637149,-1.169176,36,boorong
23088,1,4.969275,25.050404999999998,36,korean
4411,1,0.9418559999999999,42.978787,36,seleucid
46982,1,9.575736000000001,-5.914948000000001,36,chinese_medieval
10814,1,2.319675,46.472260999999996,36,tukano
42884,1,8.739987,-42.649276,36,tupi
57045,1,11.695418,55.172011,36,chinese_medieval
64016,1,13.117331,-58.805461,36,northern_andes
87998,1,17.975041,30.189277,36,korean
53773,1,11.002572,-42.225859,36,chinese_medieval
108456,1,21.970404000000002,82.869485,36,chinese_medieval
8115,1,1.738317,57.53661700000001,36,armintxe
70469,1,14.413507999999998,-24.80631,36,chinese_medieval
12821,1,2.7471330000000003,67.82463,36,chinese_medieval
26865,1,5.703876999999999,-22.373715,36,chinese_medieval
83504,1,17.066123,13.567420000000002,36,chinese_medieval
42516,1,8.66845,20.007788,36,korean
112917,1,22.867225,43.312416999999996,36,korean
75304,1,15.385931,-36.858489,36,chinese_medieval
33611,1,6.983498,-26.474425,36,boorong
64332,1,13.185804999999998,-42.232890999999995,36,chinese_medieval
34041,1,7.06192,-25.083914,36,boorong
89918,1,18.347795,3.377165,36,korean
108060,1,21.893717000000002,19.668437,36,korean
111449,1,22.578229999999998,-20.708216,36,chinese_medieval
60969,1,12.498388,-56.52494,36,boorong
17884,1,3.825357,65.525972,36,chinese_medieval
101090,1,20.492039000000002,-22.391567000000002,36,chinese_medieval
101082,1,20.490931,81.091277,36,chinese_medieval
29433,1,6.200372,19.790543,36,seleucid
16292,1,3.500057,55.45180799999999,36,tukano
1708,1,0.358665,-28.981469,36,maya
117089,1,23.736688,-18.276938,36,tukano
42673,1,8.697245,19.87417,36,egyptian
98738,1,20.054555,18.500992999999998,36,korean
116853,1,23.685809,-11.680655,36,korean
44818,1,9.133348,29.654234999999996,36,korean
34579,1,7.1619509999999975,-25.231034,36,boorong
10557,1,2.265387,63.236301,36,navajo
41312,1,8.428951,-66.13689000000001,36,western
2505,1,0.529539,54.522289,36,tukano
102790,1,20.824709,-46.226826,36,chinese_medieval
102094,1,20.690073,-25.999910999999997,36,chinese_medieval
80000,1,16.330687,-50.15550800000001,36,western
92609,1,18.870288000000002,-62.18759300000001,36,western
106944,1,21.65924,2.243558,36,chinese_medieval
41404,1,8.446408,26.935489,36,chinese_medieval
20922,1,4.485257,-13.04837,36,chinese_medieval
57670,1,11.828258,34.931758,36,chinese_medieval
92549,1,18.859712,52.975117000000004,36,chinese_medieval
72432,1,14.810569000000001,-36.634696999999996,36,chinese_medieval
45410,1,9.253848,14.941507000000001,36,korean
59961,1,12.298164,-6.4310800000000015,36,navajo
101966,1,20.66441,11.249649,36,armintxe
61103,1,12.522616000000001,7.604309,36,seleucid
10793,1,2.315831,28.642674,36,chinese_medieval
111138,1,22.514936,-26.073752,36,chinese_medieval
59457,1,12.195635000000001,-64.948789,36,northern_andes
17563,1,3.7612339999999995,6.049991,36,maya
70090,1,14.342623000000001,-37.885295,36,chinese_medieval
106140,1,21.499137,23.638838,36,korean
6411,1,1.3723370000000001,45.528778,36,seleucid
61158,1,12.53226,-63.505838,36,northern_andes
63221,1,12.953767,8.293783,36,seleucid
31083,1,6.522636,2.9112970000000002,36,northern_andes
51561,1,10.532622,-45.06671,36,korean
106856,1,21.642205,5.771742,36,chinese_medieval
96620,1,19.644769,54.97379300000001,36,chinese_medieval
50851,1,10.383458000000001,6.542643,36,maya
26319,1,5.604954,-1.63533,36,boorong
104105,1,21.09145,78.12639200000002,36,korean
3677,1,0.7842319999999999,41.964834,36,macedonian
46404,1,9.462995,-6.071187,36,korean
106067,1,21.484372,-31.238559000000002,36,chinese_medieval
9808,1,2.103169,49.156332,36,navajo
6960,1,1.49337,-21.629339,36,korean
26188,1,5.582358,-0.12286,36,boorong
38474,1,7.879961,-5.428257,36,korean
42568,1,8.676953,-59.761003,36,western
42628,1,8.687586,20.476905,36,egyptian
26248,1,5.5908690000000005,24.03958900000001,36,korean
38538,1,7.891616,26.76578300000001,36,boorong
24203,1,5.195931,1.037028,36,lokono
107235,1,21.718465,41.15497,36,korean
46774,1,9.53266,9.715767,36,chinese_medieval
110724,1,22.433383,80.701595,36,chinese_medieval
30520,1,6.4149730000000025,49.287893,36,chinese_medieval
15979,1,3.4299660000000003,53.921521999999996,36,tukano
33575,1,6.976639,-25.414157,36,boorong
39311,1,8.03776,2.334571,36,korean
61916,1,12.689722999999999,-46.145581,36,chinese_medieval
79545,1,16.231645999999998,-6.908617,36,navajo
52922,1,10.823457000000001,-59.323793,36,boorong
100027,1,20.29413,-12.508212,36,arabic_moon_stations
95937,1,19.511066,-2.788887,36,chinese_medieval
28358,1,5.992111,54.28465600000001,36,korean
89772,1,18.319316,7.259767,36,korean
11046,1,2.37011,-0.8848520000000001,36,chinese_medieval
11670,1,2.508986,25.235035999999997,36,chinese_medieval
33804,1,7.018317999999999,-25.215633999999998,36,boorong
2548,1,0.5399390000000001,6.955463000000001,36,korean
101134,1,20.5002,72.53170300000002,36,chinese_medieval
4893,1,1.047305,26.299390999999996,36,romanian
21281,1,4.566598,-55.044975,36,western
96234,1,19.569024,-40.034638,36,chinese_medieval
6371,1,1.3644290000000001,50.12198400000001,36,tukano
59364,1,12.179471000000001,27.281505,36,chinese_medieval
23883,1,5.132066,21.704821,36,chinese_medieval
87390,1,17.85904,-40.772461,36,lokono
5346,1,1.1395,5.649819,36,chinese_medieval
105476,1,21.363639000000006,-29.166071000000002,36,chinese_medieval
9568,1,2.0491770000000002,77.916263,36,chinese_medieval
9440,1,2.020759,-30.001829999999998,36,chinese_medieval
72800,1,14.880854999999999,-37.80316,36,chinese_medieval
7387,1,1.587465,-58.139475,36,boorong
97635,1,19.843813,52.988001000000004,36,chinese_medieval
17772,1,3.805021,50.736767,36,tukano
23783,1,5.111289,51.59772,36,korean
93134,1,18.972579,-31.035975,36,korean
58576,1,12.012347,-10.446014,36,korean
87294,1,17.83642,-40.090435,36,lokono
5554,1,1.1874790000000002,46.629826,36,seleucid
37949,1,7.777792999999999,65.455676,36,chinese_medieval
20219,1,4.332694999999998,14.035201,36,korean
5518,1,1.1775790000000002,68.778621,36,northern_andes
55598,1,11.389415,-18.779973000000002,36,chinese_medieval
52457,1,10.7236,23.188404000000002,36,chinese_medieval
13702,1,2.9405959999999998,18.023119,36,arabic_moon_stations
97675,1,19.850456,10.415727,36,korean
107788,1,21.835749,17.285851,36,chinese_medieval
37901,1,7.767275,-6.772511,36,korean
56332,1,11.54837,-31.087226,36,chinese_medieval
89096,1,18.184557,-47.51312100000001,36,tupi
8362,1,1.795668,63.852501000000004,36,chinese_medieval
3544,1,0.754774,55.221396,36,tukano
31832,1,6.655507000000001,42.488877,36,chinese_medieval
93425,1,19.027479999999997,-36.890708000000004,36,lokono
6226,1,1.330082,-0.509029,36,chinese_medieval
103227,1,20.913498,-58.45415500000001,36,western
72959,1,14.910532,-33.300575,36,chinese_medieval
16310,1,3.5037730000000002,-41.369937,36,chinese_medieval
99303,1,20.157116000000002,36.839621,36,armintxe
91308,1,18.624929,-2.920029,36,northern_andes
19893,1,4.267097,-51.486647999999995,36,western
103598,1,20.990377,59.438593999999995,36,armintxe
87234,1,17.824154999999994,76.96288100000002,36,chinese_medieval
38146,1,7.817132000000001,-24.912208,36,western
80840,1,16.508338000000002,-7.5144509999999975,36,navajo
40215,1,8.213552,68.47407199999999,36,chinese_medieval
23680,1,5.0899209999999995,1.177627,36,lokono
17584,1,3.76646,45.681899,36,armintxe
89507,1,18.264843,-44.206461,36,lokono
5021,1,1.072084,61.580183999999996,36,tukano
967,1,0.199741,48.152396,36,chinese_medieval
52689,1,10.773689,14.194645000000001,36,chinese_medieval
89172,1,18.198377,31.40535,36,korean
21670,1,4.65171,7.870976,36,korean
115839,1,23.468109,-11.449752,36,chinese_medieval
27766,1,5.875883,-37.631063,36,romanian
26020,1,5.552041,-1.7173580000000002,36,boorong
3521,1,0.7491869999999999,-42.676558,36,chinese_medieval
63066,1,12.922067,-42.915732,36,chinese_medieval
52425,1,10.717789,69.07621400000001,36,korean
81008,1,16.543415,11.488041,36,korean
44154,1,8.992405,32.418559,36,korean
69879,1,14.29995,35.509505,36,chinese_medieval
109973,1,22.274045,-41.627225,36,chinese_medieval
19719,1,4.225862,7.7160449999999985,36,korean
57613,1,11.812524,-26.749777,36,chinese_medieval
17467,1,3.7430849999999998,35.855729,36,egyptian
110009,1,22.281268,-9.040067,36,korean
29990,1,6.312996,-50.3591,36,boorong
87161,1,17.807098999999994,-16.827184,36,northern_andes
52405,1,10.711269,-59.215759,36,boorong
21770,1,4.676039,-41.86375200000001,36,western
5566,1,1.190428,64.20267700000001,36,chinese_medieval
61542,1,12.609448,-6.065551,36,navajo
107575,1,21.787212,2.686124,36,chinese_medieval
48559,1,9.903425,-25.932345,36,korean
107856,1,21.851383,39.536658,36,chinese_medieval
31700,1,6.631506,-18.237478,36,chinese_medieval
19777,1,4.239914,-10.256283,36,chinese_medieval
5914,1,1.2680639999999999,25.769358,36,romanian
69389,1,14.20439,2.4094330000000004,36,korean
88732,1,18.114854,50.822823,36,chinese_medieval
60066,1,12.317229,26.008349,36,tukano
52959,1,10.831591,27.973947999999996,36,chinese_medieval
73507,1,15.024195,60.204453,36,chinese_medieval
12332,1,2.646943,21.961408,36,korean
104174,1,21.106855,-32.341618,36,chinese_medieval
60098,1,12.324873,28.156916,36,chinese_medieval
2762,1,0.5874659999999999,-3.5928459999999998,36,korean
25291,1,5.4107,31.143147999999997,36,macedonian
25216,1,5.393807,16.699298000000002,36,lokono
91852,1,18.726696,36.556605,36,boorong
50888,1,10.391478,-38.009839,36,chinese_medieval
106227,1,21.51647,60.45943199999999,36,armintxe
21273,1,4.564143,14.844423999999998,36,korean
10000,1,2.146276,60.954919999999994,36,navajo
36641,1,7.534986,1.914481,36,chinese_medieval
93279,1,19.000229,32.145514,36,boorong
65387,1,13.400128,-64.535668,36,tupi
18396,1,3.9328239999999997,47.87142,36,tukano
90414,1,18.448335999999998,-48.117243,36,korean
90067,1,18.380288,17.826616,36,korean
85889,1,17.552052,-41.173066,36,boorong
69585,1,14.243224,13.975451000000001,36,chinese_medieval
16335,1,3.509579,47.995216,36,tukano
98823,1,20.068976,7.277966,36,korean
30666,1,6.444329,-1.507336,36,northern_andes
104968,1,21.261779,77.01229599999998,36,korean
79375,1,16.199997,-10.064252999999999,36,korean
94149,1,19.164332,-0.4281140000000001,36,chinese_medieval
107019,1,21.674252,-34.534824,36,chinese_medieval
64004,1,13.115179999999999,-49.906246,36,chinese_medieval
36721,1,7.552716,-24.710731,36,chinese_medieval
51056,1,10.431894999999999,33.79612,36,chinese_medieval
107151,1,21.704292000000002,5.680137,36,chinese_medieval
65323,1,13.388582000000001,-4.924427,36,chinese_medieval
80460,1,16.423379999999998,37.394079,36,chinese_medieval
39906,1,8.150455000000001,-19.245014,36,korean
7535,1,1.6183100000000001,12.141535000000001,36,korean
60851,1,12.472025,-64.34098900000001,36,boorong
25816,1,5.513514,41.461994,36,boorong
64823,1,13.287673999999999,13.675751000000002,36,seleucid
17776,1,3.8057819999999998,23.42125,36,boorong
70753,1,14.469564000000002,-29.491638000000002,36,korean
114131,1,23.11465,-43.520358,36,western
54301,1,11.109015,-62.424113,36,korean
33827,1,7.022612,70.808296,36,chinese_medieval
117722,1,23.874998,-14.251217,36,romanian
109654,1,22.213283999999998,34.604592,36,chinese_medieval
5081,1,1.0848209999999998,14.946132999999998,36,seleucid
25976,1,5.543883,0.011933,36,boorong
72664,1,14.857362,59.293985,36,chinese_medieval
27750,1,5.874011,1.855134,36,boorong
15627,1,3.3537839999999997,21.147085999999998,36,chinese_medieval
70104,1,14.345158999999999,-45.187059999999995,36,chinese_medieval
103894,1,21.051343,38.657415,36,armintxe
37469,1,7.690413,-43.635334,36,arabic
32607,1,6.803194,-61.941391,36,western
77661,1,15.854420000000001,20.977919,36,romanian
91992,1,18.749786999999998,-39.750118,36,lokono
73559,1,15.032801000000001,-34.358875,36,chinese_medieval
23043,1,4.956206,17.153677,36,chinese_medieval
92814,1,18.911976,-15.603036,36,western
62053,1,12.718641,-65.67311099999999,36,northern_andes
80480,1,16.428739999999998,78.963854,36,korean
47854,1,9.754116999999999,-62.507903000000006,36,tupi
92782,1,18.90661,71.29719200000002,36,korean
34624,1,7.172034,-27.49152,36,boorong
60018,1,12.308781,30.249046999999997,36,chinese_medieval
98103,1,19.937292000000006,11.423721,36,armintxe
75323,1,15.389625,-59.320787,36,western
10388,1,2.2299889999999998,64.855011,36,navajo
58158,1,11.927814,-28.477103000000003,36,chinese_medieval
104365,1,21.142673000000002,-21.193669,36,korean
52686,1,10.773484,18.891523,36,chinese_medieval
112242,1,22.734856,41.819235,36,korean
39659,1,8.10511,22.63549,36,chinese_medieval
109289,1,22.140537,-34.043841,36,chinese_medieval
62933,1,12.897142,12.418416,36,seleucid
11738,1,2.525027,2.267182,36,mulapin
45754,1,9.329982000000001,-34.103339,36,chinese_medieval
56035,1,11.484621,61.77836800000001,36,korean
73184,1,14.957765,-21.415475,36,chinese_medieval
33492,1,6.961842,-27.537505,36,boorong
6867,1,1.472759,-43.318234000000004,36,western
107136,1,21.701573,51.189622,36,korean
54765,1,11.212347,54.894287,36,chinese_medieval
115404,1,23.377547,-15.039338,36,korean
37204,1,7.6424600000000025,35.04855,36,boorong
107128,1,21.700192,-23.262857999999998,36,egyptian
63081,1,12.925082000000002,11.495923,36,seleucid
9727,1,2.085315,77.281341,36,chinese_medieval
31407,1,6.58294,-52.975607,36,boorong
27321,1,5.788079,-51.066514,36,western
86698,1,17.714194,-36.94556400000001,36,tupi
92833,1,18.914588000000002,33.968576,36,boorong
87569,1,17.889853,-34.895125,36,korean
47029,1,9.584399000000001,39.621493,36,korean
696,1,0.14263800000000001,-17.578155,36,tukano
68245,1,13.971186,-42.10075300000001,36,chinese_medieval
19990,1,4.287684,20.578591,36,korean
10893,1,2.336906,64.336949,36,northern_andes
51849,1,10.59314,-57.557635999999995,36,korean
64094,1,13.135321,-65.306023,36,tupi
96721,1,19.661606,-45.27855,36,chinese_medieval
34331,1,7.116664,-26.656754,36,boorong
85819,1,17.536251,55.184243,36,korean
41616,1,8.484653999999999,-47.928923,36,tupi
13965,1,2.997164,47.220693,36,tukano
17771,1,3.8045190000000004,11.143294000000001,36,maya
68493,1,14.021962,-40.221942999999996,36,chinese_medieval
105102,1,21.290264999999998,39.394681,36,tupi
42028,1,8.567116,-2.151555,36,chinese_medieval
60197,1,12.344827,27.054545,36,lokono
60525,1,12.407446,25.582404,36,lokono
42088,1,8.578778,-49.944203,36,tupi
35941,1,7.409292,27.637857,36,boorong
109102,1,22.100543,45.014348,36,korean
9312,1,1.9938919999999998,64.621602,36,chinese_medieval
45085,1,9.184556,-44.867902,36,tupi
58460,1,11.988205,33.167004,36,chinese_medieval
21594,1,4.6363400000000015,-14.304020000000001,36,western
105668,1,21.403192,-12.878108000000001,36,egyptian
5317,1,1.133559,43.942091999999995,36,seleucid
42835,1,8.727882000000001,-7.23373,36,chinese_medieval
113864,1,23.059128,67.20921,36,korean
60485,1,12.400414,51.562257,36,navajo
66763,1,13.683985999999999,22.495767999999998,36,chinese_medieval
66727,1,13.677909,19.955719000000002,36,chinese_medieval
60221,1,12.348809,-13.565724,36,hawaiian_starlines
95294,1,19.386976,-44.799778,36,western
31771,1,6.644317,39.390854,36,chinese_medieval
83163,1,16.995642,-18.248341,36,kamilaroi
111841,1,22.654355,39.050269,36,korean
20884,1,4.475589,1.3808209999999999,36,chinese_medieval
27890,1,5.901658,-63.089627,36,western
87074,1,17.79355,-14.725824,36,northern_andes
107763,1,21.830748,30.174215000000004,36,chinese_medieval
99352,1,20.165735,20.915028,36,chinese_medieval
111674,1,22.622899,51.545123,36,chinese_medieval
68862,1,14.10077,-41.179633,36,chinese_medieval
9236,1,1.9794509999999998,-61.569858999999994,36,western
89348,1,18.231545,64.397287,36,korean
23040,1,4.95478,53.752101,36,korean
15371,1,3.3033089999999996,-62.506363,36,boorong
19513,1,4.180517,26.480952000000002,36,chinese_medieval
68269,1,13.975319,-24.972248999999998,36,korean
52742,1,10.782634,-56.757192,36,korean
19461,1,4.167439,80.69868100000002,36,chinese_medieval
74946,1,15.315180999999999,-68.67954499999999,36,western
103632,1,20.997098,47.520951000000004,36,tupi
60988,1,12.500815,51.535631,36,chinese_medieval
105685,1,21.405786,-46.614706,36,chinese_medieval
56922,1,11.670221000000002,-34.744659999999996,36,korean
5348,1,1.139742,-55.24576,36,western
66798,1,13.691625,64.822411,36,chinese_medieval
54863,1,11.233842999999998,8.060694999999999,36,chinese_medieval
9763,1,2.092103,76.11506,36,chinese_medieval
112203,1,22.724992999999998,-41.414347,36,chinese_medieval
109831,1,22.245656,42.95391,36,chinese_medieval
72929,1,14.905592,-24.642201999999997,36,chinese_medieval
19177,1,4.110785,65.520798,36,chinese_medieval
3132,1,0.663247,82.493762,36,chinese_medieval
98819,1,20.068399,17.070173,36,korean
52638,1,10.764416,30.682313,36,chinese_medieval
50785,1,10.369569,-58.265572,36,boorong
26213,1,5.586885,-0.735354,36,boorong
99874,1,20.262816,27.814242,36,korean
80248,1,16.383182,-7.2089360000000005,36,navajo
13879,1,2.979352,39.662728,36,chinese_medieval
19996,1,4.288673,-6.472176999999999,36,chinese_medieval
19747,1,4.233363,-42.294368,36,western
70952,1,14.512832000000001,63.185788,36,chinese_medieval
15890,1,3.4112669999999996,64.585996,36,chinese_medieval
60944,1,12.491975,-66.860487,36,northern_andes
103732,1,21.019702,46.155772999999996,36,armintxe
48437,1,9.875121,-8.105030000000001,36,chinese_medieval
26117,1,5.569372,-1.9018529999999998,36,boorong
58654,1,12.027635,36.042086,36,chinese_medieval
81065,1,16.557609,-78.897148,36,western
118027,1,23.940996,83.19111600000002,36,chinese_medieval
26173,1,5.5800019999999995,-7.200386999999999,36,belarusian
25790,1,5.507268,15.360449,36,lokono
105665,1,21.402665,-20.851869,36,korean
103226,1,20.913283,-17.922894,36,chinese_medieval
57175,1,11.725332,-62.489396,36,chinese_medieval
97067,1,19.727116,-37.53876500000001,36,chinese_medieval
95673,1,19.46011,37.941196999999995,36,macedonian
36238,1,7.4623240000000015,21.445247,36,chinese_medieval
74604,1,15.2437,-31.519121000000002,36,chinese_medieval
105319,1,21.331096,-53.449427,36,western
107975,1,21.874978,28.793538,36,chinese_medieval
4962,1,1.06028,61.074822999999995,36,tukano
113031,1,22.891307,-11.616514,36,chinese_medieval
31579,1,6.609121000000001,38.4455,36,chinese_medieval
95066,1,19.342473000000002,-5.4157660000000005,36,chinese_medieval
93017,1,18.950441,32.901272999999996,36,boorong
41816,1,8.525145,24.081104999999997,36,chinese_medieval
6999,1,1.501695,47.007274,36,seleucid
3478,1,0.7406119999999999,47.863984,36,chinese_medieval
66400,1,13.61346,-26.495198,36,chinese_medieval
11001,1,2.362498,-68.659418,36,western
48584,1,9.908838000000001,-22.487455999999998,36,korean
15219,1,3.270057,50.937664,36,tukano
1415,1,0.295295,51.43309,36,chinese_medieval
85382,1,17.446153,34.695802,36,chinese_medieval
44191,1,9.001505,-41.253605,36,chinese_medieval
21278,1,4.565201999999998,-6.738908,36,chinese_medieval
21949,1,4.717764,-70.931027,36,western
60870,1,12.476028999999999,-56.407816000000004,36,boorong
11029,1,2.367092,-10.777534,36,chinese_medieval
56083,1,11.495446000000001,56.737573,36,chinese_medieval
11021,1,2.36573,0.395675,36,mulapin
36528,1,7.5146380000000015,68.465621,36,chinese_medieval
70518,1,14.424970000000002,-19.969985,36,chinese_medieval
19205,1,4.116795,29.001299,36,chinese_medieval
33532,1,6.968764999999999,-27.164381,36,boorong
64924,1,13.306763,-18.311196,36,chinese_medieval
840,1,0.171908,-5.248588,36,korean
1728,1,0.36285300000000004,-20.058024,36,tukano
81304,1,16.606242,-35.25532600000001,36,chinese_medieval
48219,1,9.830931,-36.268463,36,chinese_medieval
1493,1,0.310625,31.517227000000002,36,seleucid
10777,1,2.311762,45.639706,36,navajo
59397,1,12.184969,-56.40135600000001,36,boorong
92161,1,18.783686,18.181519,36,korean
69658,1,14.256691,-18.200689999999998,36,chinese_medieval
43305,1,8.822702,-3.443023,36,chinese_medieval
10305,1,2.213206,-2.393637,36,korean
10309,1,2.21388,79.69154,36,chinese_medieval
61578,1,12.618563,-2.322103,36,navajo
108681,1,22.016415,-36.556315999999995,36,chinese_medieval
61558,1,12.613154,-5.8318980000000025,36,seleucid
22441,1,4.828912,15.904221,36,chinese_medieval
51313,1,10.481274,-64.172278,36,tupi
12394,1,2.659799,-68.26694599999999,36,western
73350,1,14.989754000000001,4.567761,36,romanian
106564,1,21.581389,-29.696116999999997,36,chinese_medieval
22453,1,4.831846,37.488275,36,korean
59489,1,12.200281,28.536313,36,chinese_medieval
38901,1,7.9611410000000005,-30.33457000000001,36,korean
110602,1,22.407517000000002,-13.529369,36,chinese_medieval
12530,1,2.687222,-0.695653,36,chinese_medieval
28686,1,6.0568800000000005,11.681065,36,navajo
24372,1,5.2292879999999995,-67.185255,36,boorong
39079,1,7.9955979999999975,-3.679583,36,korean
34981,1,7.237559,-26.352507,36,boorong
26777,1,5.6882550000000025,16.534148000000002,36,korean
12346,1,2.6495319999999998,62.591508,36,northern_andes
26563,1,5.648079,-7.2128289999999975,36,belarusian
81972,1,16.745165,-40.839675,36,chinese_medieval
73776,1,15.080029999999999,-64.03135,36,boorong
92111,1,18.772391,-22.392176,36,romanian
114622,1,23.221098,57.16835500000001,36,korean
102370,1,20.742518,69.751813,36,chinese_medieval
104385,1,21.146575,-76.212469,36,kamilaroi
57320,1,11.753173,14.263335000000001,36,chinese_medieval
102422,1,20.754811,61.838781999999995,36,korean
45038,1,9.173204,67.13401800000001,36,korean
12222,1,2.622933,63.881416,36,navajo
90200,1,18.405067000000006,-44.110256,36,lokono
24512,1,5.257682,22.284858,36,chinese_medieval
47187,1,9.616725,-25.296758999999998,36,korean
63121,1,12.933468,38.314912,36,chinese_medieval
86486,1,17.673276,-49.415587,36,chinese_medieval
16852,1,3.614551,0.40166199999999996,36,korean
29138,1,6.1463980000000005,8.669432,36,navajo
80351,1,16.403008,6.948207000000001,36,korean
115152,1,23.324945,48.625322,36,chinese_medieval
55831,1,11.443174,-61.11516700000001,36,chinese_medieval
98844,1,20.073098,-0.709309,36,chinese_medieval
17959,1,3.8393019999999995,71.332266,36,western
7359,1,1.580296,18.460511999999998,36,chinese_medieval
110130,1,22.308370999999998,-60.259586999999996,36,western
63033,1,12.916269,-44.151968,36,chinese_medieval
12086,1,2.596336,34.687558,36,korean
80463,1,16.423598000000002,14.033270000000002,36,korean
1599,1,0.334142,-64.874791,36,western
61420,1,12.585602,21.881384,36,tukano
103200,1,20.909344,28.057621,36,korean
29150,1,6.149407,-22.427412,36,chinese_medieval
99951,1,20.279746,24.671101999999998,36,korean
18505,1,3.957067,63.072264000000004,36,western
96327,1,19.585349,-10.560444,36,korean
81852,1,16.718126,-77.51743499999998,36,western
7447,1,1.598542,17.433841,36,korean
24340,1,5.223811,38.484497999999995,36,korean
114996,1,23.290498,-58.235733999999994,36,western
56944,1,11.674287,57.970404,36,chinese_medieval
102014,1,20.672174,-33.431843,36,chinese_medieval
95585,1,19.441969,0.33857,36,korean
95823,1,19.489951,-43.445195,36,chinese_medieval
117245,1,23.773198999999998,3.486811,36,korean
111086,1,22.504819,-14.585734,36,chinese_medieval
10729,1,2.301275,57.516321,36,tukano
37394,1,7.6765339999999975,-8.18543,36,chinese_medieval
81724,1,16.692884,-17.742167000000006,36,chinese_medieval
92405,1,18.831366,32.551058000000005,36,boorong
3334,1,0.7086180000000001,58.753411,36,armintxe
86929,1,17.762221,-64.723871,36,western
29997,1,6.3141050000000005,69.319787,36,korean
21517,1,4.6207720000000005,18.543031,36,macedonian
8423,1,1.8108080000000002,37.952870000000004,36,chinese_medieval
70638,1,14.448801000000001,-83.667884,36,western
25580,1,5.466926,33.763703,36,chinese_medieval
72683,1,14.860641000000001,-43.57535900000001,36,chinese_medieval
84969,1,17.366531,-67.770668,36,kamilaroi
103398,1,20.947983999999998,-22.005746,36,egyptian
109509,1,22.183993,-21.232789999999998,36,chinese_medieval
64792,1,13.279588,9.424156,36,korean
96406,1,19.600459,-24.719081,36,western
89047,1,18.175442999999998,54.286552,36,chinese_medieval
58307,1,11.957198,-61.123431000000004,36,kamilaroi
62757,1,12.860247,3.056788,36,chinese_medieval
109521,1,22.186069,50.823392999999996,36,chinese_medieval
99639,1,20.22168,46.815675,36,chinese_medieval
99240,1,20.145157,-66.182068,36,western
94986,1,19.327776,-35.421452,36,chinese_medieval
21861,1,4.700965,-37.144296999999995,36,western
73036,1,14.926287,-60.114164,36,boorong
52558,1,10.745842,-59.56519,36,boorong
15696,1,3.36997,27.60755300000001,36,chinese_medieval
56243,1,11.529464,-59.442060999999995,36,chinese_medieval
5042,1,1.075717,-33.532845,36,chinese_medieval
64852,1,13.293412,5.469869,36,korean
70574,1,14.435619,-45.221424,36,chinese_medieval
49641,1,10.1323,-0.371637,36,western
7083,1,1.520851,-49.072702,36,western
61658,1,12.639557,1.8546619999999998,36,chinese_medieval
23900,1,5.135173,24.265175,36,korean
1960,1,0.41319300000000003,61.831056999999994,36,tupi
44382,1,9.040777,-66.39607600000001,36,western
64407,1,13.200984,-16.198601,36,korean
103777,1,21.029244,-26.880993,36,chinese_medieval
7965,1,1.705688,68.043021,36,tukano
56620,1,11.609706,-33.570057,36,chinese_medieval
33760,1,7.0118089999999995,-28.489573999999998,36,boorong
27253,1,5.776364,1.168193,36,boorong
8016,1,1.715493,70.62252600000002,36,chinese_medieval
36640,1,7.534934,-8.881326,36,chinese_medieval
51437,1,10.504855000000001,-0.637026,36,western
112405,1,22.767692,-81.381615,36,western
20250,1,4.339226999999998,27.350754,36,korean
30493,1,6.409426,-1.41822,36,northern_andes
79653,1,16.254257,-47.372021000000004,36,chinese_medieval
20266,1,4.344541,65.14044100000001,36,chinese_medieval
33040,1,6.883417,-26.957632,36,boorong
63277,1,12.966938,-61.055319999999995,36,northern_andes
57512,1,11.788654,-57.696498,36,chinese_medieval
7984,1,1.708969,66.107959,36,navajo
22325,1,4.809037,-16.329484,36,korean
59649,1,12.232584,-57.944283,36,northern_andes
87865,1,17.948860999999994,-40.305642999999996,36,lokono
30545,1,6.421263,-0.945883,36,northern_andes
75647,1,15.455036999999999,-36.767559999999996,36,chinese_medieval
89980,1,18.358713,-24.915276000000002,36,chinese_medieval
98512,1,20.013424,-45.112918,36,chinese_medieval
100977,1,20.473585,-3.357794,36,chinese_medieval
34339,1,7.118633,-40.893268,36,chinese_medieval
8020,1,1.7162,61.421073,36,northern_andes
114520,1,23.195608,8.720116,36,korean
8404,1,1.8072270000000001,3.685447,36,romanian
84177,1,17.207725,10.585168,36,korean
96459,1,19.610554999999998,44.694936,36,armintxe
26487,1,5.633644,7.54142,36,lokono
4298,1,0.918114,48.67852,36,seleucid
88817,1,18.130417,26.09734,36,romanian
31622,1,6.617636,5.5193900000000005,36,northern_andes
100195,1,20.323223000000002,-19.118533,36,chinese_medieval
106340,1,21.537381,-33.944623,36,chinese_medieval
110778,1,22.442853,-16.742138,36,chinese_medieval
2219,1,0.467475,17.893125,36,korean
