star_ID,count,ra,dec,size
26727,28,5.679313,-1.942572,819
25930,28,5.533445,-0.299092,819
26311,26,5.603559,-1.20192,711
21421,24,4.598677,16.509301,611
17499,24,3.747927,24.113339,611
17847,23,3.819373,24.053415,564
58001,22,11.897168,53.69476,519
17608,22,3.772104,23.948358,519
54061,22,11.062155,61.75103299999999,519
53910,22,11.030677,56.382427,519
62956,22,12.900472,55.959821,519
67301,22,13.792354,49.313265,519
59774,22,12.257086,57.032617,519
65378,22,13.398747,54.925362,519
20205,21,4.329889,15.627642000000002,476
746,21,0.152887,59.14978000000001,476
20889,21,4.476943,19.180431,476
17702,20,3.79141,24.105137,435
20455,20,4.382247,17.542514,435
4427,20,0.945143,60.71674,435
6686,20,1.430216,60.235283,435
36850,19,7.5766339999999985,31.888276,396
27989,19,5.919529,7.407063000000001,396
3179,19,0.6751159999999999,56.53733100000001,396
24436,19,5.242298,-8.20164,396
80763,18,16.490128,-26.432002,359
85927,18,17.560145000000002,-37.103821,359
37826,18,7.755277,28.026199,359
8886,18,1.906584,63.670101,359
78265,18,15.980865,-26.114105,359
78401,18,16.005557,-22.62171,359
17531,18,3.75347,24.467278,359
78820,17,16.09062,-19.805453,324
82396,17,16.83608,-34.293232,324
91262,17,18.61564,38.783692,324
87073,16,17.793078,-40.126997,291
81266,16,16.598043,-28.216016,291
25336,16,5.418851,6.349702,291
113881,16,23.062901,28.082789,291
102098,16,20.690532,45.280338,291
27366,16,5.795941,-9.669605,291
76952,15,15.712381,26.295637,260
86670,15,17.708132,-39.029983,260
24608,15,5.27815,45.997991,260
86228,15,17.621979999999994,-42.997824,260
100453,15,20.370473,40.256679,260
677,15,0.139791,29.090432,260
113963,15,23.079348,15.205264,260
1067,15,0.220598,15.183596,260
76267,15,15.578128,26.714693,260
97649,15,19.846388,8.868322000000003,260
78159,15,15.959794,26.87788,260
84143,15,17.202551999999994,-43.239189,260
60718,14,12.443311,-63.09909200000001,231
26207,14,5.5856330000000005,9.934158,231
77512,14,15.826570000000002,26.068394,231
20894,14,4.477705,15.870883,231
75695,14,15.463818,29.105703,231
102488,14,20.770178,33.970256,231
50335,13,10.278171,23.417311,204
78493,13,16.024047,29.851061,204
97165,13,19.749574,45.13081,204
32349,13,6.752481,-16.716116,204
49669,13,10.139532,11.967207,204
76127,13,15.548829,31.359133,204
75097,13,15.345482999999998,71.834016,204
50583,13,10.332873,19.841489000000006,204
90185,13,18.402868,-34.384615999999994,204
61084,13,12.519429,-57.113212,204
11767,13,2.52975,89.26410899999998,204
82514,13,16.864508999999998,-38.04738,204
97278,13,19.770994,10.613261,204
102281,12,20.724315,15.074581,179
59316,12,12.168746,-22.619766,179
8903,12,1.910668,20.808035,179
31681,12,6.628528,16.399252,179
72607,12,14.845104999999998,74.155505,179
48455,12,9.879398,26.006951,179
47908,12,9.764188,23.774255,179
92855,12,18.92109,-26.296721999999995,179
69673,12,14.261029999999998,19.18241,179
49583,12,10.122209,16.762664,179
60965,12,12.497739,-16.515432,179
89642,12,18.293793,-36.761686,179
85696,12,17.512732,-37.295811,179
65474,12,13.419883,-11.161322,179
101958,12,20.660635,15.912072,179
89931,12,18.3499,-29.828103,179
62434,11,12.795359,-59.688764,156
25428,11,5.438198000000001,28.60745,156
85822,11,17.536918,86.58646,156
67927,11,13.911411,18.397717,156
91971,11,18.746209,37.60511500000001,156
102532,11,20.77764,16.124295999999998,156
9884,11,2.119555,23.462423,156
72622,11,14.847976999999998,-16.041778,156
15863,11,3.405378,49.86118,156
100345,11,20.350187,-14.781367,156
17573,11,3.763779,24.367748,156
30343,11,6.3826730000000005,22.513586,156
54872,11,11.235138,20.523717,156
80112,11,16.353143,-25.592796,156
57632,11,11.817663,14.57206,156
101769,11,20.625816,14.595087,156
61359,11,12.573121,-23.396759,156
60742,11,12.448966,28.268423,156
77055,11,15.734298999999998,77.794493,156
82080,11,16.766159,82.037262,156
59803,11,12.263437,-17.541929,156
59747,11,12.252427,-58.748928,156
93506,11,19.043532,-29.880105,156
14576,11,3.136148,40.955648,156
32246,11,6.732202,25.131124,156
92420,11,18.834665,33.362667,156
22449,11,4.830669,6.961276,156
8832,11,1.89217,19.293852,156
54879,11,11.237335,15.429570000000002,156
98036,10,19.921887,6.406763,135
5447,10,1.162194,35.620558,135
73555,10,15.032436,40.390566,135
13268,10,2.844945,55.895496,135
98110,10,19.938438,35.083424,135
106278,10,21.525982,-5.571172,135
92791,10,18.908412,36.898613,135
42911,10,8.74475,18.154309,135
18532,10,3.96423,40.010215,135
32362,10,6.754824,12.895591,135
93174,10,18.978721,-37.107357,135
93194,10,18.982395,32.689557,135
42402,10,8.645955,3.341435,135
93542,10,19.051907,-42.095105,135
94376,10,19.209225,67.661541,135
92041,10,18.76094,-26.990778,135
72105,10,14.749784,27.074222,135
100064,10,20.300904,-12.544852,135
74785,10,15.283449,-9.382917,135
93825,10,19.106971,-37.063437,135
28360,10,5.992149,44.947433,135
17489,10,3.746726,24.28947,135
95947,10,19.512023000000006,27.959681,135
14328,10,3.079942,53.50644000000001,135
110395,10,22.360938,-1.387331,135
18614,10,3.98275,35.791033,135
18246,10,3.9022,31.883635,135
76333,10,15.592104999999998,-14.789537,135
82729,10,16.909731,-42.361313,135
94160,10,19.167154,-39.34079600000001,135
37279,10,7.655033,5.224993,135
61941,10,12.694345,-1.449375,135
22549,10,4.853434,5.605104,135
105881,9,21.444452,-22.411332,116
88635,9,18.096803,-30.424091,116
42799,9,8.720410000000001,3.3986620000000003,116
102978,9,20.863692,-26.919133,116
37740,9,7.740792999999999,24.397993,116
17358,9,3.715416,47.787551,116
6193,9,1.324443,27.264059000000003,116
42313,9,8.627602,5.703782,116
94114,9,19.157869,-37.904474,116
3419,9,0.72649,-17.986604999999994,116
74666,9,15.258376,33.314833,116
85670,9,17.507213,52.301387,116
71683,9,14.660765,-60.833976,116
28380,9,5.995351,37.212585,116
93864,9,19.11567,-27.670423,116
24244,9,5.204973000000002,-11.869219,116
43109,9,8.779587,6.418809,116
71075,9,14.534636,38.308253,116
59199,9,12.140225,-24.728875,116
87833,9,17.943437,51.488895,116
90496,9,18.466179,-25.4217,116
10064,9,2.1590580000000004,34.987297,116
33579,9,6.9770970000000005,-28.972084,116
87585,9,17.892134,56.872643,116
13209,9,2.833063,27.260507,116
80816,9,16.503667999999998,21.489613,116
34088,9,7.0684809999999985,20.570297,116
107556,9,21.784011,-16.127285999999998,116
63090,9,12.926725,3.39747,116
81833,9,16.714933,38.922254,116
24327,9,5.220522,-12.941291,116
111497,9,22.589272,-0.117498,116
79822,9,16.291791,75.75533,116
71053,9,14.5305,30.371437,116
13254,9,2.843063,38.318644,116
63608,9,13.036278,10.95915,116
102485,9,20.76826,-25.270898000000006,116
104732,9,21.215607,30.226916,116
78104,9,15.948077,-29.214073,116
42806,9,8.721430999999999,21.468501,116
43813,8,8.92323,5.945563,99
68756,8,14.073165,64.37585,99
4906,8,1.049058,7.890135000000001,99
78527,8,16.031532000000002,58.565251,99
65109,8,13.343296,-36.71229500000001,99
23015,8,4.9498940000000005,33.166090000000004,99
77634,8,15.849316,-33.627165000000005,99
46390,8,9.45979,-8.658603,99
14354,8,3.0862700000000003,38.840274,99
12706,8,2.721678,3.235818,99
30438,8,6.399195,-52.69566,99
23453,8,5.041301,41.075837,99
69701,8,14.266908,-6.000547,99
35550,8,7.335383,21.98232,99
30324,8,6.378329,-17.955918,99
80170,8,16.365338,19.15313,99
106032,8,21.477662,70.560716,99
92953,8,18.938044,-42.710676,99
1562,8,0.323799,-8.823921,99
35904,8,7.401584,-29.303104,99
3092,8,0.655462,30.861024,99
104987,8,21.263731,5.247845,99
81377,8,16.619316,-10.56709,99
105199,8,21.30963,62.585573,99
26366,8,5.615108,9.290673,99
69427,8,14.214929,-10.273702,99
86974,8,17.774319000000006,27.720676,99
109492,8,22.180908,58.201261,99
80331,8,16.39986,61.514213,99
66249,8,13.578220000000002,-0.59582,99
116771,8,23.665844,5.6262919999999985,99
34444,8,7.139857000000001,-26.3932,99
36962,8,7.598708,26.895741,99
5742,8,1.229152,24.583713,99
94005,8,19.139156,-40.496703,99
30883,8,6.482719,20.212133,99
17448,8,3.738648,32.288248,99
48356,8,9.85797,-14.846603,99
7097,8,1.524725,15.345823,99
51069,8,10.434842,-16.836289999999998,99
44816,8,9.133268,-43.432589,99
35350,8,7.30155,16.540383,99
84012,8,17.172968,-15.72491,99
109074,8,22.096399,-0.319851,99
101421,8,20.553547,11.303263,99
64394,8,13.197904,27.878183,99
83207,8,17.004827,30.926405,99
104139,8,21.099118,-17.232861,99
81693,8,16.688113,31.602726,99
9487,8,2.034117,2.763759,99
22797,8,4.904193,2.440672,99
68702,8,14.063729,-60.373039,99
107315,8,21.736433,9.875011,99
12828,8,2.749039,10.114146,99
115438,8,23.382842,-20.10058,99
74395,8,15.20476,-52.099247,99
83895,8,17.146448,65.714683,99
5586,8,1.194342,30.089638,99
71795,8,14.68582,13.7283,99
45336,8,9.239405,2.31428,99
9640,8,2.064984,42.329725,99
4436,8,0.945885,38.499345,99
110960,8,22.480531,-0.019972,99
78384,8,16.002036,-38.396706,99
85829,7,17.537767000000002,55.172958,84
57399,7,11.767515,47.779406,84
11484,7,2.469317,8.460054,84
112724,7,22.82802,66.200408,84
3881,7,0.830234,41.078911,84
114855,7,23.264859,-9.087737,84
8102,7,1.734479,-15.93748,84
112716,7,22.826528,-13.592632,84
86032,7,17.582241,12.560035,84
116727,7,23.65582,77.632276,84
113368,7,22.960838,-29.622236,84
5364,7,1.1431639999999998,-10.182264,84
49841,7,10.176467,-12.354083,84
73273,7,14.975537,-43.13396,84
34693,7,7.1856589999999985,30.245163,84
71860,7,14.698823,-47.3882,84
93683,7,19.07805,-21.741496,84
27072,7,5.741057,-22.448382,84
86742,7,17.724543,4.567303,84
73714,7,15.067839,-25.281965,84
7007,7,1.503087,6.14382,84
118268,7,23.988525,6.863321000000001,84
105515,7,21.370776,-16.834542000000006,84
95853,7,19.495098,51.729779,84
102618,7,20.794598,-9.495776,84
57380,7,11.764322,6.529376,84
83000,7,16.961139000000006,9.375033,84
17579,7,3.765132,24.554511,84
67459,7,13.824623,15.797904999999998,84
24873,7,5.333062,-12.315585,84
91875,7,18.729706,-38.323441,84
46733,7,9.525453,63.061861,84
8796,7,1.884696,29.578829,84
76297,7,15.585681,-41.166757,84
17851,7,3.819782,24.136712,84
57936,7,11.881813,-33.908124,84
93085,7,18.962167,-21.106654,84
97433,7,19.80285,70.26793,84
23685,7,5.091018,-22.371032,84
41037,7,8.375236,-59.509483,84
84379,7,17.250531,24.839204,84
24305,7,5.215528,-16.205468,84
54682,7,11.194302,-22.825847,84
107310,7,21.73571,28.742632,84
31592,7,6.6113990000000005,-19.255879,84
71352,7,14.591786,-42.157824,84
55705,7,11.414702,-17.68401,84
2599,7,0.5499970000000001,62.931783,84
68933,7,14.111395000000002,-36.369954,84
21393,7,4.592512,-30.562341,84
52943,7,10.827079,-16.193648,84
43103,7,8.778284,28.759898,84
112961,7,22.87691,-7.579599000000001,84
93805,7,19.10415,-4.882554,84
30122,7,6.338553,-30.063367,84
75458,7,15.415494,58.966065,84
7607,7,1.633205,48.628213,84
23875,7,5.130829,-5.086446,84
64241,7,13.166469,17.529431,84
2912,7,0.61468,33.719344,84
84380,7,17.250788,36.809162,84
46776,7,9.533036,-1.184664,84
64962,7,13.315359,-23.171512,84
24845,7,5.326257,-13.176788,84
60351,7,12.375087,25.84616,84
18724,7,4.0113379999999985,12.490347,84
55282,7,11.322347,-14.778541,84
25606,7,5.470756,-20.759441,84
25985,7,5.545504,-17.822289,84
48402,7,9.868433,54.06433199999999,84
75177,7,15.36344,-36.261376,84
99473,7,20.188413,-0.8214610000000001,84
40526,7,8.275256,9.185545,84
53740,7,10.996244,-18.298783,84
106985,7,21.668181,-16.662308,84
109139,7,22.107286,-13.869679,84
77853,6,15.897093,-16.729293,71
56633,6,11.611365,-9.802247,71
111954,6,22.677594,-27.043617,71
68895,6,14.106193,-26.682361,71
112029,6,22.691033,10.831364,71
88048,6,17.983775,-9.773632,71
77233,6,15.769793,15.421826,71
27628,6,5.849329,-35.768309,71
109176,6,22.116847,25.345112,71
8833,6,1.892597,3.187536,71
12387,6,2.658044,0.328511,71
110003,6,22.280565,-7.783289999999999,71
50372,6,10.284952,42.914365,71
114341,6,23.157443,-21.17241,71
26451,6,5.627413,21.142549,71
104858,6,21.241337,10.006981,71
50801,6,10.372155,41.499516,71
68002,6,13.925667,-47.288375,71
10670,6,2.288573,33.847194,71
36046,6,7.428779,27.79808,71
22509,6,4.843534,8.900176,71
92989,6,18.944582,-37.343241,71
48319,6,9.849867,59.038735,71
6537,6,1.40039,-8.183257000000001,71
15474,6,3.325278,-21.757864,71
27654,6,5.855357,-20.879089,71
89341,6,18.229392,-21.058834,71
96757,6,19.668275,18.01389,71
20535,6,4.400613,-34.016846,71
89937,6,18.350736,72.732843,71
12843,6,2.7517150000000004,-18.572563,71
3693,6,0.788981,24.267178,71
44066,6,8.974784,11.857701,71
29655,6,6.247961,22.506799,71
7884,6,1.6905259999999998,5.487613,71
33018,6,6.879816,33.961254,71
78072,6,15.940882,15.661617,71
66657,6,13.664796,-53.466394,71
45556,6,9.284838,-59.275229,71
79992,6,16.329010999999998,46.313366,71
90422,6,18.449561,-45.968459,71
94779,6,19.28504,53.368459,71
20648,6,4.424828,17.92791,71
54539,6,11.161062,44.498487,71
10324,6,2.2166650000000003,8.846717,71
81126,6,16.568384,42.437041,71
42913,6,8.745059,-54.70882099999999,71
116928,6,23.700779,1.780041,71
16611,6,3.563132,-21.632883,71
56211,6,11.523407,69.331076,71
56343,6,11.550038,-31.857625,71
110991,6,22.486183,58.415198,71
55687,6,11.410164,-10.859323,71
75141,6,15.356201,-40.647518,71
114971,6,23.286094,3.282289,71
13954,6,2.99525,8.907364999999997,71
115033,6,23.298393,-9.182513,71
90887,6,18.539257,-39.704001,71
93747,6,19.090169,13.863478,71
79593,6,16.239094,-3.694323,71
20042,6,4.298237,-33.798348,71
55219,6,11.307983,33.094306,71
39953,6,8.158876,-47.336588,71
98032,6,19.921026,-41.868288,71
44127,6,8.986828,48.041826,71
115830,6,23.466138,6.378992,71
46853,6,9.547715,51.6773,71
85693,6,17.512307999999994,26.110645,71
14146,6,3.039863,-23.624472,71
43234,6,8.807214,5.837812,71
82671,6,16.899924,-42.362025,71
14135,6,3.037992,4.089734,71
116584,6,23.626056,46.458152,71
116901,6,23.696057,-17.816533,71
87261,6,17.830965,-37.043304,71
28910,6,6.10259,-14.935254,71
12777,6,2.736634,49.228448,71
17651,6,3.780804,-23.249723,71
113136,6,22.910837,-15.82082,71
61281,6,12.558058,69.788238,71
79882,6,16.305358,-4.692511,71
107354,6,21.744092,25.645036,71
95501,6,19.424972,3.114775,71
8198,6,1.756564,9.157736,71
3821,6,0.81826,57.815187,71
110672,6,22.421284,1.377401,71
112447,6,22.778216,12.172888,71
72220,6,14.770812,1.892885,71
25859,6,5.520209,-35.470519,71
109427,6,22.169996,6.197865,71
57283,6,11.746049,-18.350674,71
41822,6,8.526591999999999,18.09442,71
61932,5,12.691971,-48.959888,60
85755,5,17.523598,-23.962643,60
15900,5,3.413554,9.02887,60
33856,5,7.028652,-27.93483,60
94820,5,19.293911,-18.952908,60
12390,5,2.659398,-11.872156,60
46146,5,9.410906,26.182324,60
11345,5,2.432501,-12.29048,60
87808,5,17.93755,37.250539,60
46750,5,9.528675,22.967971,60
116971,5,23.712039,-14.544904999999998,60
92946,5,18.936995,4.203595,60
109422,5,22.169093,-32.548407,60
60202,5,12.345286,17.792868,60
96465,5,19.611786,-24.883623,60
98412,5,19.995605,-35.276305,60
101027,5,20.481004,-17.813686999999994,60
112158,5,22.716704,30.221245,60
79374,5,16.199926,-19.460708,60
85112,5,17.394707999999998,37.145946,60
111104,5,22.508128,43.123376,60
26176,5,5.580344,9.489579,60
11569,5,2.484437,67.402474,60
111188,5,22.52509,-32.346073,60
60697,5,12.440017999999998,27.268237,60
33347,5,6.935617999999999,-17.054242000000002,60
85792,5,17.530695,-49.876145,60
84606,5,17.294517000000006,37.291498,60
97804,5,19.874547,1.005661,60
80975,5,16.535611,-21.46639,60
39757,5,8.125736999999999,-24.304324,60
91918,5,18.738711,-35.641987,60
92175,5,18.786242,-4.7478669999999985,60
103045,5,20.877565,-8.983317999999997,60
41909,5,8.545139,20.441162,60
101847,5,20.638967,-1.105121,60
94648,5,19.259229,73.355468,60
76470,5,15.617070000000002,-28.135079,60
22845,5,4.914924,10.150833,60
28614,5,6.039722,9.647276,60
23767,5,5.10858,41.234474,60
96837,5,19.68415,17.476041,60
61418,5,12.585489,18.377058,60
99824,5,20.254415,25.591957,60
5542,5,1.185017,55.149901,60
109937,5,22.26616,37.748737,60
45941,5,9.368562,-55.010668,60
36188,5,7.452512,8.289315,60
78727,5,,,60
8645,5,1.857676,-10.335038,60
86414,5,17.657747,46.006332,60
95168,5,19.361211,-17.847197,60
90568,5,18.480505,-49.070588,60
60129,5,12.331766,-0.6668029999999999,60
77070,5,15.737798000000002,6.425627,60
33977,5,7.050408999999998,-23.833291,60
12770,5,2.735375,-13.858695999999998,60
94713,5,19.272804,38.133731,60
88794,5,18.125708,28.762488,60
71536,5,14.631454000000002,-49.425828,60
28103,5,5.940082,-14.1677,60
77450,5,15.812327,18.141564,60
29426,5,6.198999,14.208765,60
98688,5,20.044299,-27.709845,60
77622,5,15.846935,4.47773,60
46509,5,9.485805,-2.768964,60
44471,5,9.060427,47.156525,60
55203,5,11.303118,31.528783,60
32759,5,6.8306830000000005,-32.508478000000004,60
94141,5,19.162731,-21.023615,60
89962,5,18.355167,-2.898825,60
26237,5,5.589768,-4.838358,60
41704,5,8.504431,60.718169,60
26241,5,5.5905510000000005,-5.9099010000000005,60
11783,5,2.534786,-15.244677,60
26634,5,5.660817,-34.074108,60
112440,5,22.775521,23.565654,60
3031,5,0.642602,29.311751,60
114724,5,23.238711,-6.049003,60
52419,5,10.715949,-64.39445,60
60746,5,12.449805,26.825699,60
64166,5,13.150909,-23.11807,60
47431,5,9.664267,-1.14281,60
115738,5,23.448876,1.255608,60
88714,5,18.11052,-50.09147700000001,60
60904,5,12.481863,25.912852,60
86263,5,17.626445,-15.398557,60
82545,5,16.872263,-38.017536,60
29038,5,6.126201,14.768472,60
112748,5,22.833385,24.601579,60
3786,5,0.811373,7.585078999999999,60
3231,5,0.68533,39.458664,60
14838,5,3.193822,19.726677,60
76276,5,15.580041,10.538867,60
94481,5,19.229302,39.145968,60
14879,4,3.201249,-28.987618,51
355,4,0.075033,-10.509523,51
77516,4,15.827001999999998,-3.4302080000000004,51
111169,4,22.521515,50.282491,51
30419,4,6.396135,4.592865,51
97365,4,19.789795,18.534286,51
54463,4,11.143165,-58.975037,51
69974,4,14.318498000000002,-13.371095,51
44700,4,9.108825,38.452215,51
16537,4,3.5488480000000004,-9.458262,51
44248,4,9.010685,41.782911,51
87933,4,17.962744,29.24788,51
68282,4,13.977987,-44.803584,51
28816,4,6.0830910000000005,-16.484435,51
31827,4,6.654644,-14.145764000000002,51
110351,4,22.350428,46.536569,51
51233,4,10.464727,36.707212,51
23607,4,5.076153,15.404105,51
1170,4,0.24400500000000006,-18.932866,51
54182,4,11.083619,7.336007,51
8068,4,1.727675,50.688732,51
154,4,0.032672,-6.0140720000000005,51
84345,4,17.244127,14.390332999999998,51
61174,4,12.53451,-16.196007,51
107608,4,21.795598,-30.898304,51
106551,4,21.579596,38.534054,51
2920,4,0.616188,53.896909,51
91919,4,18.738984,39.670123,51
25247,4,5.3991190000000016,-7.808064999999999,51
14668,4,3.158258,44.857544,51
45860,4,9.350925,34.392562,51
52727,4,10.779488,-49.420255,51
104521,4,21.172361,10.131579,51
19167,4,4.109735,50.351262,51
5372,4,1.145613,86.25709,51
104234,4,21.118797,-25.005853,51
116631,4,23.63561,43.268073,51
114939,4,23.280817000000006,-7.7265039999999985,51
50191,4,10.245607,-42.121942,51
29651,4,6.247592,-6.274776,51
56480,4,11.579355,-54.264091,51
4463,4,0.953445,23.417648,51
113889,4,23.064615,3.820045,51
22701,4,4.881575,-5.4526949999999985,51
15510,4,3.331944,-43.06978400000001,51
51624,4,10.546853,9.306586,51
57757,4,11.844922,1.764718,51
60260,4,12.356031,-60.401147,51
67472,4,13.826943,-42.473732,51
55642,4,11.398736,10.529509,51
102624,4,20.795621,-5.027701,51
54204,4,11.088867,-27.293612,51
35264,4,7.285711,-37.09747,51
60957,4,12.495344,20.896109,51
98761,4,20.059291,-37.940699,51
12486,4,2.677781,-39.855375,51
49637,4,10.131742,9.997508,51
117629,4,23.855927,-18.909163,51
21881,4,4.704084,22.956926,51
53417,4,10.92689,24.749718,51
9347,4,2.000084,-21.077831,51
21444,4,4.6053169999999986,-3.352459,51
13061,4,2.79848,29.247118,51
67275,4,13.78771,17.456906,51
101589,4,20.588482,14.674213,51
70497,4,14.419967000000002,51.850744,51
13701,4,2.940458,-8.898144,51
19038,4,4.078253,22.081926,51
98337,4,19.979285,19.492148,51
80894,4,16.518991,-16.612733,51
111123,4,22.510782,-10.67795,51
12093,4,2.597909,5.593246,51
107380,4,21.749113,-33.025781,51
42828,4,8.726539,-33.186384999999994,51
5737,4,1.228857,7.575353999999999,51
71957,4,14.717673,-5.658207,51
23416,4,5.032815,43.823308,51
23123,4,4.975806,1.714016,51
46651,4,9.511674,-40.466769,51
108085,4,21.898808,-37.364852,51
113246,4,22.932472,-32.539628,51
34045,4,7.062637,-15.633285999999998,51
95477,4,19.421247,-24.508575,51
17378,4,3.720806,-9.763395,51
12719,4,2.724198,27.707146,51
111022,4,22.492173,47.706887,51
43409,4,8.842203999999997,-27.709844,51
115990,4,23.500536,58.54892,51
110538,4,22.392675,52.229046,51
23972,4,5.15244,-8.754081,51
13847,4,2.971023,-40.304672,51
101101,4,20.494167,-2.8855310000000003,51
27288,4,5.782595,-14.82195,51
26549,4,5.6457690000000005,-2.600069,51
117218,4,23.766922,-18.67834,51
91494,4,18.659768,-43.185878,51
7513,4,1.613299,41.405459,51
28734,4,6.068671,23.263341,51
103413,4,20.952893,41.167136,51
20885,4,4.476248,15.962181,51
101916,4,20.652161,10.086203,51
17797,4,3.809963,-37.620155,51
74376,4,15.198918,-48.737819,51
80883,4,16.515229,1.983923,51
15197,4,3.263896,-8.81973,51
63125,4,12.933807,38.31838,51
25281,4,5.407949,-2.397146,51
3951,4,0.845442,64.24754899999999,51
27913,4,5.906386,20.276174,51
75411,4,15.408181,37.377167,51
44659,4,9.099546,5.092316,51
22957,4,4.939521,13.514466,51
85365,4,17.443856,-5.086596,51
84880,4,17.347128,-12.846875,51
90982,4,18.558383,-42.31251,51
77760,4,15.877903,42.451518,51
5571,4,1.190894,21.03465,51
64238,4,13.165831,-5.53901,51
74392,4,15.203692000000002,-19.79171,51
80343,4,16.401718,-20.037327,51
76600,4,15.64427,-29.777754,51
65477,4,13.420413,54.987958,51
38170,4,7.821571,-24.859786,51
101692,4,20.61212,-2.549957,51
19812,4,4.248295,48.409331,51
39429,4,8.059737,-40.003148,51
62896,4,12.890607,-40.178872,51
68520,4,14.027443,1.544532,51
17874,4,3.824237,-36.20025,51
71908,3,14.708492,-64.975138,44
74824,3,15.291917000000002,-58.801208,44
98543,3,20.018346,27.753573,44
110273,3,22.336643,-7.8211020000000016,44
106711,3,21.615827,40.413521,44
16083,3,3.45282,9.73268,44
32921,3,6.859178999999999,21.761148,44
107259,3,21.725127,58.780046,44
49593,3,10.123821,35.244693,44
82369,3,16.830563,-10.783,44
10732,3,2.302094,19.901164,44
78918,3,16.109873999999998,-36.802288,44
14632,3,3.151005,49.613278,44
60170,3,12.3388,26.619482,44
42527,3,8.67024,64.327936,44
78323,3,15.991743,-41.744436,44
52085,3,10.643043,-16.876572,44
54029,3,11.054133,-11.30347,44
88192,3,18.010754000000006,2.931568,44
29434,3,6.200911,16.130406,44
12413,3,2.663326,-42.89167,44
31416,3,6.5842740000000015,-22.964793,44
16369,3,3.514549,12.936678,44
92202,3,18.791375,-5.705147,44
47452,3,9.671768,-14.332292,44
58188,3,11.933599,-17.150829,44
110609,3,22.408609,49.476392,44
45751,3,9.329551,-11.974853,44
53253,3,10.891559,-58.853171,44
106723,3,21.618008,-19.466011,44
103005,3,20.869082,-5.507059,44
88290,3,18.029222,1.305076,44
7588,3,1.628556,-57.236757,44
26594,3,5.653096,4.121467,44
21589,3,4.635961,12.510838,44
101076,3,20.489926,30.368555,44
100310,3,20.344393,-12.75908,44
67464,3,13.825078,-41.68770900000001,44
82673,3,16.900131,10.165359,44
45811,3,9.341394,-9.555695,44
40843,3,8.334406,27.217707,44
76552,3,15.634232,-42.567348,44
86565,3,17.690243,-12.875307,44
118209,3,23.977883,-3.5559830000000003,44
37447,3,7.687454,-9.551131,44
114144,3,23.116739000000006,9.409492,44
58948,3,12.086817,8.732985000000001,44
89908,3,18.345955,71.337814,44
17664,3,3.783166000000001,24.520124,44
116957,3,23.707729,-15.448033,44
42312,3,8.627399,-42.989081,44
109352,3,22.153789,33.172337,44
37265,3,7.652760000000002,34.584346000000004,44
89678,3,18.300886,-27.042641,44
47508,3,9.685842999999998,9.892308,44
36366,3,7.485195,31.78455,44
89112,3,18.187157,-45.954418,44
60514,3,12.405146,26.098606,44
4577,3,0.976766,-29.357449,44
67480,3,13.828564000000002,21.264105,44
95241,3,19.377303,-44.458965,44
115623,3,23.422993,23.404101,44
107348,3,21.74186,17.350017,44
69483,3,14.224718,51.789965,44
93429,3,19.028008,-5.739115,44
66200,3,13.56887,3.658967,44
107188,3,21.710973000000006,-18.866323,44
115669,3,23.434108,-20.642014,44
53229,3,10.888526,34.214871,44
59196,3,12.13931,-50.722425,44
53954,3,11.038827,20.179842,44
107095,3,21.692462,-14.047610999999998,44
23364,3,5.023985,-7.173964999999999,44
60172,3,12.339161,3.312574,44
50371,3,10.28472,-61.332304,44
99255,3,20.148145,77.71141899999998,44
51232,3,10.464649,-58.739403,44
116247,3,23.554618,-20.914504,44
71762,3,14.678768,16.418324,44
82363,3,16.82976,-59.041378,44
78933,3,16.113452,-20.669192,44
76742,3,15.67136,-23.818078,44
109268,3,22.137209,-46.960975,44
55434,3,11.352276,6.0293220000000005,44
88771,3,18.122496,9.563847,44
5544,3,1.1852129999999998,31.424736,44
42515,3,8.668372999999999,-35.308352,44
93903,3,19.121703,36.100157,44
91117,3,18.586785,-8.244073,44
84970,3,17.366827,-24.999545,44
10826,3,2.322442,-2.977643,44
109285,3,22.139722,-32.988468,44
105138,3,21.298632,34.896898,44
100587,3,20.397671,32.190172,44
69732,3,14.273074,46.088305,44
6315,3,1.352047,28.738207,44
67457,3,13.824091,-34.450776,44
88149,3,18.004388,4.368615,44
45238,3,9.220041,-69.717208,44
28716,3,6.065329,20.138452,44
62268,3,12.76055,-60.981318,44
116591,3,23.627655,-13.060243,44
35037,3,7.246849,-26.772667,44
51459,3,10.510461,55.980536,44
16826,3,3.608159,48.19263400000001,44
86284,3,17.630754,-8.118771,44
45688,3,9.314069,36.802597,44
22833,3,4.913027,11.426006,44
56647,3,11.615814,-0.823749,44
61394,3,12.580857,22.629259,44
2081,3,0.4380560000000001,-42.305981,44
96229,3,19.568153,7.378941,44
59072,3,12.114687,-64.61373,44
83947,3,17.159238000000002,40.777033,44
93526,3,19.048472,-3.698987,44
55425,3,11.350117,-54.491019,44
62886,3,12.888263,21.244943,44
108661,3,22.013951,-28.453736,44
31216,3,6.548396,7.332965,44
70755,3,14.470038,-2.227957,44
95347,3,19.398103,-40.61594,44
104060,3,21.082184,43.927852,44
101867,3,20.642038,21.201174,44
26199,3,5.584078,-6.002027,44
116805,3,23.673469,44.333932,44
11791,3,2.53595,-1.0348959999999998,44
83081,3,16.977006,-55.990141,44
30277,3,6.368564,-33.4364,44
22109,3,4.758375,-3.254657,44
117301,3,23.784284,58.651989,44
74857,3,15.297178,-30.148673,44
100881,3,20.455336,-18.211721,44
13531,3,2.9042950000000003,52.762479000000006,44
28199,3,5.958947,-35.28328,44
5434,3,1.158368,47.241792,44
99742,3,20.237949,15.197609,44
24674,3,5.293442,-6.844409,44
88601,3,18.090913,2.500099,44
30867,3,6.480297,-7.033061999999998,44
61960,3,12.698071,10.235625,44
22783,3,4.900836,66.342678,44
73334,3,14.986025,-42.104194,44
48774,3,9.947708,-54.56779,44
117863,3,23.906398,57.499382,44
61136,3,12.527871,-59.423922,44
87108,3,17.798211,2.707276,44
93244,3,18.993711,15.068298,44
98066,3,19.930651,-26.299506,44
60379,3,12.380403,-57.676132,44
31685,3,6.629353,-43.195934,44
107418,3,21.75748,61.12080600000001,44
19343,3,4.144357,47.712513,44
62356,3,12.777433,16.577691,44
98920,3,20.08597,19.991071,44
66006,3,13.532746,-6.255816,44
15110,3,3.24836,21.044441,44
4151,3,0.884511,61.12396999999999,44
109410,3,22.166457,33.178224,44
20070,3,4.304056,50.295502,44
90968,3,18.556426,-38.725985,44
60941,3,12.490845,24.108925,44
60599,3,12.420863,23.926202,44
26221,3,5.587907,-5.389696,44
60823,3,12.467331,-50.230635,44
85355,3,17.441910999999998,4.14036,44
59847,3,12.272372,23.945409,44
1645,3,0.343295,8.190271000000001,44
93026,3,18.951019,-5.846314,44
34769,3,7.197739,-0.492764,44
910,3,0.187739,-15.467977,44
33160,3,6.903167,-12.038628,44
64906,3,13.304034,49.682062,44
9598,3,2.057268,72.42129399999997,44
101800,3,20.630311,11.377676,44
19860,3,4.258905,8.892357,44
3504,3,0.74542,48.284364,44
104887,3,21.246517,38.045317,44
111944,3,22.675233,44.276305,44
114222,3,23.131623,75.387496,44
101483,3,20.565845,13.027255,44
65936,3,13.517404999999998,-39.407307,44
56561,3,11.596363,-63.01984100000001,44
58590,3,12.014553,6.6143220000000005,44
72125,3,14.754017,16.96428,44
108535,2,21.987518,73.179896,39
104756,2,21.222665,81.230972,39
108874,2,22.055234,-2.155363,39
105140,2,21.298966,-32.172539,39
83430,2,17.052186,14.091947,39
36145,2,7.445237,49.211527,39
69415,2,14.212785,-27.261186,39
92862,2,18.922249,43.946088,39
55084,2,11.277695,-3.651601,39
78893,2,16.105475,67.81013399999999,39
93667,2,19.073627,-31.047079,39
41307,2,8.427676,-3.906424,39
95865,2,19.497829,-26.985615000000006,39
82073,2,16.763859,8.582616,39
25923,2,5.532183,-7.301537,39
65373,2,13.397969,-47.890541,39
67244,2,13.78232,-36.251933,39
9007,2,1.932564,-51.608896,39
23497,2,5.051596,21.589962,39
75974,2,15.515514,64.20869300000001,39
95176,2,19.362117,-15.955018,39
26235,2,5.589695,-5.41606,39
70264,2,14.376971,-58.459117000000006,39
109375,2,22.158044,-23.659109,39
2942,2,0.6225609999999999,35.399501,39
112051,2,22.695947,29.307641,39
44798,2,9.129115,10.668191,39
70576,2,14.436336,-45.379276,39
69713,2,14.269439000000002,51.367231,39
83962,2,17.163319,-10.523301,39
52136,2,10.651581,53.6683,39
116231,2,23.549512,-37.818268,39
74911,2,15.308897,-47.875272,39
95081,2,19.344467,65.71453100000001,39
65639,2,13.457546,-15.973578,39
114104,2,23.110226,59.41976,39
11407,2,2.449755,-47.70384,39
50099,2,10.228961,-70.037903,39
52098,2,10.645337,31.976237,39
85258,2,17.421665,-55.529884,39
52478,2,10.728702,57.199203,39
97229,2,19.761096,7.613158,39
107382,2,21.750071,-9.082428,39
97749,2,19.864056,-39.874367,39
5951,2,1.276747,-2.500368,39
27483,2,5.819567,39.181071,39
17886,2,3.825748,33.091382,39
24879,2,5.333589,33.958054,39
44511,2,9.069248,-47.097737,39
30457,2,6.402867,-11.530088,39
49029,2,10.003557,8.044222999999999,39
101984,2,20.667485,-18.138659,39
110391,2,22.35988,-21.59823,39
87936,2,17.963279,-41.716295,39
46771,2,9.532428,11.299827,39
117020,2,23.722878,10.331536,39
54951,2,11.253397,23.095502,39
39863,2,8.143236,-2.9837860000000003,39
33165,2,6.903623,-23.928336,39
103294,2,20.926858,13.721536,39
63007,2,12.910889,-59.146701,39
45902,2,9.35822,-25.965439,39
62322,2,12.771346,-68.10811899999999,39
55874,2,11.452644,-12.356749,39
64022,2,13.119646,27.624741,39
72571,2,14.838147,-27.960371,39
25492,2,5.452298000000001,30.208603000000004,39
67153,2,13.761470999999998,-33.043721000000005,39
97886,2,19.891026,24.079614000000007,39
25045,2,5.362849,-24.772981,39
101882,2,20.645552,13.315125,39
94643,2,19.259007,-25.256682,39
25737,2,5.49555,-1.092239,39
102831,2,20.8328,-33.779722,39
104019,2,21.073417000000006,-19.854991,39
63003,2,12.9099,-57.177924,39
108917,2,22.063135,64.627971,39
34481,2,7.1457880000000005,-70.498932,39
3760,2,0.804836,7.299927999999999,39
80815,2,16.503466,-25.115224,39
96468,2,19.612022,-1.286601,39
4889,2,1.046971,31.804263,39
111532,2,22.596077,73.643188,39
68523,2,14.028748,-45.603421,39
46952,2,9.570384,36.397558,39
99675,2,20.227196,46.741329,39
26263,2,5.593307,-3.25284,39
3414,2,0.7244659999999999,47.024546,39
20713,2,4.439094,15.618265,39
113561,2,23.001417,56.945374,39
9110,2,1.955848,17.817532,39
7740,2,1.6613380000000002,16.405858,39
18907,2,4.052606,5.989305,39
32768,2,6.8322660000000015,-50.61456,39
16322,2,3.506797,11.336442,39
112122,2,22.711115,-46.884577,39
21402,2,4.594239,10.16079,39
7818,2,1.676337,40.577049,39
97938,2,19.904134,8.461453,39
76705,2,15.662772,-34.411926,39
301,2,0.06233,-17.335988,39
78207,2,15.969825,-14.279357999999998,39
83613,2,17.089636,12.740828,39
1158,2,0.241008,-7.780532000000001,39
73620,2,15.048344,2.091303,39
53261,2,10.892911,54.58512800000001,39
117314,2,23.787754,-11.911126,39
113116,2,22.906789,84.346177,39
63076,2,12.924598,65.438474,39
115250,2,23.343956,23.740337,39
109754,2,22.231312,39.714927,39
27830,2,5.88879,27.612262,39
24197,2,5.194879,16.045673,39
25110,2,5.376036,79.231149,39
20430,2,4.376373,25.629314,39
91315,2,18.625974,62.526591,39
43531,2,8.865787,43.726603,39
61071,2,12.516823,24.567168,39
16870,2,3.618244,-40.274545,39
82402,2,16.838717000000006,7.247683,39
57328,2,11.754733,8.258119,39
102080,2,20.687836,14.58288,39
22176,2,4.7713410000000005,18.734693,39
24504,2,5.256777,32.6876,39
42570,2,8.677103,-46.648744,39
84514,2,17.276857,-0.445297,39
6061,2,1.2966540000000002,3.614466,39
88765,2,18.121767,8.733867,39
66234,2,13.57425,49.015973,39
6813,2,1.460915,45.406687,39
82216,2,16.796227,5.246746,39
114389,2,23.167072,9.822082,39
91726,2,18.704563,-9.052549,39
19171,2,4.110114,27.599903,39
110371,2,22.355372,28.330529,39
21248,2,4.55849,-29.766492,39
117567,2,23.842579,-14.40149,39
91926,2,18.739661,39.612721,39
107119,2,21.698652,71.311417,39
44390,2,9.04242,67.62961899999999,39
22024,2,4.734811,-8.503571,39
30772,2,6.465992,-4.762154,39
90842,2,18.532284,-43.507383,39
31084,2,6.523068,-12.391953,39
10602,2,2.275154,-51.512165,39
112211,2,22.726454,-18.830375,39
28328,2,5.985778,-42.815135,39
62541,2,12.815059,14.122584,39
51814,2,10.586017,57.082637,39
113288,2,22.940555,49.733544,39
56280,2,11.53789,-29.261022,39
90763,2,18.518012,-32.989114,39
110997,2,22.487825,-43.495565,39
32533,2,6.788842,8.037253999999999,39
26439,2,5.626334,-1.422134,39
26063,2,5.558735,-1.156073,39
115115,2,23.316021,-9.61075,39
19849,2,4.254537,-7.652871,39
73807,2,15.085303,-47.051245,39
101923,2,20.654533,-14.95476,39
38016,2,7.791757,33.415696999999994,39
983,2,0.202773,-17.938278,39
37908,2,7.768736,18.510043,39
116323,2,23.569171,-1.247567,39
841,2,0.172012,46.072272,39
29704,2,6.25698,16.143175,39
106481,2,21.56635,45.591837,39
29696,2,6.256304,29.498076,39
27639,2,5.850675,37.305573,39
13288,2,2.850645,-21.004019,39
30060,2,6.327052,59.010964,39
91755,2,18.710543,55.53945699999999,39
21297,2,4.569936,-8.970258,39
71284,2,14.578,29.74513,39
109990,2,22.277073,-25.898162,39
25539,2,5.460579,21.936965,39
16228,2,3.484482,59.94033,39
17678,2,3.787295,-74.238962,39
64408,2,13.200901000000002,-37.803022,39
116758,2,23.663074,-14.222178,39
10306,2,2.213355,21.210993,39
57363,2,11.760141,-66.728763,39
85267,2,17.423239000000002,-56.377727,39
70692,2,14.458758,75.695993,39
67494,2,13.831191,-18.134168,39
24727,2,5.302935,33.371613,39
6692,2,1.432208,68.130012,39
109786,2,22.238342000000006,-21.074566,39
85727,2,17.518318,-60.683848,39
79101,2,16.146162,44.934906,39
46977,2,9.574703,69.830343,39
92043,2,18.761035,20.546308,39
112529,2,22.792535,-19.613375,39
54477,2,11.145557,-28.08067,39
25143,2,5.380644,41.02926,39
87563,2,17.888341,40.007959,39
80473,2,16.426422,-23.447178,39
10155,2,2.177109,19.500338,39
25555,2,5.462669,15.874052,39
25202,2,5.39171,-13.927352,39
115919,2,23.485915,12.760554,39
3810,2,0.816308,16.940644,39
101123,2,20.498307,-18.583178,39
62576,2,12.821516,27.552379,39
62572,2,12.820496,83.412901,39
113919,2,23.069702,50.052091,39
61585,2,12.619739,-69.135564,39
36795,2,7.567551,-22.296067,39
53043,2,10.853067,56.58225,39
51448,2,10.507396,64.257689,39
49402,2,10.085408,-13.064626,39
112935,2,22.873353,9.835664,39
110746,2,22.436306,-23.682447,39
77840,2,15.893532999999998,-25.327142,39
77952,2,15.919083,-63.43072700000001,39
72582,2,14.841577,37.272047,39
103738,2,21.021517000000006,-32.257767,39
73199,2,14.959743,65.93245999999999,39
24902,2,5.337409,41.086212,39
21476,2,4.6115080000000015,41.264808,39
98754,2,20.058338,16.031254999999998,39
104459,2,21.159902,-11.371693,39
109857,2,22.250544,57.043587,39
60168,2,12.338267,26.001875,39
58159,2,11.927926,15.646818,39
5454,2,1.163667,19.658408,39
76219,2,15.569638,-10.064529,39
92226,2,18.795726,-40.406167,39
60781,2,12.458019,-58.991756,39
115126,2,23.318518,-13.458552,39
59819,2,12.266719,14.899071,39
25980,2,5.54482,-1.591831,39
18453,2,3.94347,50.695381,39
25984,2,5.545465,32.192021999999994,39
115102,2,23.313733,-32.532027,39
9480,2,2.032644,70.90701999999997,39
56975,2,11.679742,21.35273,39
111710,2,22.629273,-4.228056,39
102599,2,20.79265,80.552262,39
78970,2,16.121168,-36.755676,39
46578,2,9.498474,-26.589616,39
46026,2,9.386739,-28.833873,39
75264,2,15.378021,-44.689622,39
106786,2,21.629197,-7.854201,39
80161,2,16.363536,69.109391,39
67669,2,13.863779,-32.994089,39
108036,2,21.888268,-13.551768,39
61724,2,12.652031,21.062559,39
112731,2,22.829521,55.902777,39
36377,2,7.4871789999999985,-43.301432,39
109737,2,22.229008,-25.180905,39
7719,2,1.655835,44.38616500000001,39
79414,2,16.207047,67.144176,39
14382,2,3.0923380000000003,56.705719,39
24822,2,5.321278,22.096494,39
106039,2,21.478721,-21.80718,39
96441,2,19.607372,50.221103,39
28237,2,5.966571,25.953912,39
13914,2,2.986868,21.340429,39
56802,2,11.644449,-13.201943,39
78990,2,16.123424,-20.868764,39
52353,2,10.69908,65.71628,39
443,2,0.088928,-5.707618,39
12692,2,2.717451,55.106019,39
98702,2,20.04696,67.873565,39
45448,2,9.262522,-37.413144,39
29048,2,6.128233,-19.165866,39
110529,2,22.391901,-24.762661,39
96483,2,19.614847,-7.027477,39
27673,2,5.8581660000000015,39.14848,39
17440,2,3.736593,-64.806903,39
114375,2,23.165249,-22.457611,39
76829,2,15.686505,-44.661205,39
96665,2,19.653234,5.397773,39
2021,2,0.427916,-77.25424699999998,39
87846,2,17.946507,-44.342246,39
28691,2,6.057601999999998,19.690561,39
44901,2,9.147863,51.604648,39
28413,2,6.00093,-3.074253,39
53502,2,10.945289,-37.137765,39
114570,2,23.20916,49.406207,39
3801,2,0.8138920000000001,50.968168,39
73634,2,15.051683,35.205795,39
88267,2,18.025113,21.595782,39
18673,2,3.998745,-24.016215,39
20507,2,4.3946809999999985,-3.74547,39
69612,2,14.247457999999998,10.10061,39
86092,2,17.594332,-46.505684,39
2225,2,0.470454,44.394452,39
117541,2,23.837425,-9.974136,39
61317,2,12.562411,41.35748,39
45001,2,9.16567,-30.365401,39
22479,2,4.83656,-16.217159,39
59501,2,12.202581,20.542064,39
3293,2,0.700397,40.68825800000001,39
20522,2,4.397729,9.460968,39
90156,2,18.398507,58.800736,39
114119,2,23.111345,-23.743115,39
36760,2,7.560134,15.826662,39
77277,2,15.777772,62.599557,39
48615,2,9.914503,-19.00936,39
115022,2,23.295732,49.0153,39
102724,2,20.815637,46.114134,39
18543,2,3.967157,-13.508515,39
113726,2,23.032017,42.325979,39
80911,2,16.523037,-34.704366,39
18216,2,3.895195,-24.61223,39
11313,2,2.42706,50.278631,39
11249,2,2.413627,10.610565,39
45080,2,9.182804,-58.966896,39
100541,2,20.386304,5.342987,39
114924,2,23.278405,53.213476,39
92112,2,18.772849,75.433964,39
65550,2,13.437943,46.028055,39
90344,2,18.433069,65.56348,39
110532,2,22.392264,-7.194421000000001,39
112519,2,22.791378,83.15383,39
112623,2,22.809239,-51.316864,39
98353,2,19.982555,-26.195767,39
51172,2,10.45253,-31.067779,39
21683,2,4.6545830000000015,15.917977,39
44824,2,9.134133,-25.858536,39
48926,2,9.981191,-35.89097299999999,39
50933,2,10.402182,65.566423,39
47758,2,9.736694,-27.769471000000006,39
88899,2,18.148018,20.045233,39
41075,2,8.380588000000001,43.188131,39
17313,2,3.706291,33.965026,39
23430,2,5.03606,-26.275029,39
79043,2,16.134591,17.046979999999998,39
35228,2,7.280508,-67.95715200000001,39
74605,2,15.243926,67.346722,39
3300,2,0.7010810000000001,50.512526,39
85340,2,17.439504,-24.175309,39
78554,2,16.038248,22.804454,39
97118,2,19.737943,37.354355,39
13147,2,2.818169,-32.405898,39
109400,2,22.163441,72.341207,39
2900,2,0.612903,44.488587,39
58181,2,11.932892,56.59856,39
17351,2,3.713908,-37.313518,39
52468,2,10.725639,-60.566619,39
61966,2,12.699051,-59.685819,39
76852,2,15.692516,19.670401,39
51986,2,10.621717,-48.22562,39
9977,2,2.141454,37.859077,39
72659,2,14.856493,19.10046,39
70602,2,14.440935,19.2269,39
4147,2,0.8834709999999999,-1.14426,39
17593,2,3.769037,-12.101589,39
102208,2,20.709755,82.53115799999998,39
145,2,0.030402,-3.027504,39
62325,2,12.772928,9.539684,39
63355,2,12.982068,17.409446,39
76041,2,15.529718,40.899332,39
29650,2,6.2474669999999985,19.156448,39
26885,2,5.707953,1.4746290000000002,39
61295,2,12.559506,24.282984,39
22730,2,4.889659,2.508225,39
100276,2,20.339279,17.792928,39
62394,2,12.787123,11.958088,39
80179,2,16.367875,1.029039,39
4422,2,0.944432,59.18105600000001,39
24813,2,5.318995,40.099051,39
57565,2,11.799762,20.218931,39
26536,2,5.643913,30.492412,39
112948,2,22.875427,-32.875504,39
89826,2,18.331031,36.064547,39
92308,2,18.814024,-43.680047,39
37819,2,7.7542490000000015,-37.968584,39
20711,2,4.438461,22.813583,39
100965,2,20.470687,81.422708,39
61199,2,12.541134,-72.132988,39
15870,2,3.407255,20.803489000000006,39
102026,2,20.6757,-16.12418,39
88726,2,18.113858,-43.425216,39
58901,2,12.079242,-59.253287,39
69112,2,14.147498,77.547514,39
4914,2,1.050705,-4.836601,39
80582,2,16.453067,-47.554786,39
26268,2,5.5943010000000015,-4.856067,39
70306,2,14.384942,-27.754017,39
62267,2,12.760294,7.6733259999999985,39
88886,2,18.14597,20.814557,39
104963,2,21.260528,-20.651696,39
78639,2,16.053579,-49.229695,39
90905,2,18.542923,57.045599,39
57477,2,11.782116,55.62819,39
60189,2,12.34268,-22.215901,39
80650,2,16.4664,68.768137,39
25048,2,5.363448,41.804572,39
21251,2,4.5591800000000005,18.016722,39
107253,2,21.723791,38.283589,39
105570,2,21.381559,6.811139999999999,39
105186,2,21.307551,43.945945,39
101772,2,20.626116,-47.291502,39
56127,2,11.505248,-3.003501,39
117221,2,23.767234,46.420276,39
33449,2,6.954611999999999,58.422759,39
9021,2,1.935927,37.25183,39
105502,2,21.36811,19.804508,39
60009,2,12.307298,-64.00307099999999,39
45075,2,9.181941,63.513633,39
21547,2,4.626703,-2.473548,39
107533,2,21.779891,49.30957,39
12623,2,2.704144,40.193944,39
29807,2,6.275871,-35.140519,39
23522,2,5.05697,60.44224499999999,39
17529,2,3.753232,42.578549,39
82504,2,16.862573,24.656433,39
11220,2,2.406919,50.006546,39
86614,2,17.698978,72.148843,39
97290,2,19.772707,-19.761113,39
96950,2,19.708648,-16.123995999999998,39
84405,2,17.255836,-26.602829,39
54751,2,11.210005,-60.317625,39
26069,2,5.560421,-62.489825,39
9505,2,2.038359,54.487541,39
24010,2,5.161654,15.597232,39
72131,2,14.754802,-62.875648,39
60030,2,12.311199,-0.787184,39
62763,2,12.861645,27.540712,39
110023,1,22.285139,-5.387164,36
10623,1,2.279251,83.561414,36
100751,1,20.427459,-56.73509,36
117299,1,23.783866,57.451359,36
25142,1,5.380556,3.544452,36
22157,1,4.76715,11.705591,36
109111,1,22.101914,-39.543353,36
59767,1,12.255737,87.700115,36
38722,1,7.927749,19.88397,36
98438,1,20.000919,17.516510999999998,36
31125,1,6.530935,-23.418422,36
53824,1,11.012445,6.101449,36
21060,1,4.513916,-44.953749,36
22881,1,4.9218470000000005,-16.417767,36
8778,1,1.881142,-16.92925,36
37004,1,7.604792,-40.531267,36
61384,1,12.578902,70.02176999999999,36
105193,1,21.309008,61.18439300000001,36
88981,1,18.16205,-13.934435,36
113327,1,22.95125,48.684068,36
2240,1,0.474027,-39.915002,36
35415,1,7.311802,-24.954375,36
91014,1,18.566046,-33.01656,36
55797,1,11.43254,55.850459,36
33682,1,6.997378,-67.916443,36
92056,1,18.762989,74.085553,36
100261,1,20.334998,68.880317,36
81854,1,16.71838,77.513973,36
98234,1,19.962624,16.789163000000002,36
36393,1,7.489012,28.118275,36
33694,1,7.001081,76.977408,36
64417,1,13.202336,24.258027,36
38827,1,7.946313000000001,-52.98236,36
22439,1,4.828402,-13.769669,36
47701,1,9.725906,29.974473,36
10559,1,2.265635,33.358895000000004,36
69996,1,14.323396,-46.058093,36
98842,1,20.072108,-32.056296,36
14143,1,3.039588,4.352884,36
51523,1,10.522775,-53.715484,36
25278,1,5.407071,17.383534,36
84671,1,17.310275,10.864475,36
12484,1,2.677666,-54.549911,36
194,1,0.041584,8.485463000000001,36
112833,1,22.850818,85.373739,36
78012,1,15.929884,37.946958,36
33478,1,6.95942,-24.630841,36
16602,1,3.5614550000000005,57.868725,36
71865,1,14.699332,-37.793498,36
37580,1,7.7121,34.000218,36
90830,1,18.529287,-45.914814,36
60327,1,12.369675,24.773866,36
26795,1,5.690775,3.778039,36
518,1,0.104356,58.436733,36
59923,1,12.291827,28.937189,36
80197,1,16.372618,33.799052,36
33202,1,6.910732,13.177827,36
10795,1,2.316097,23.167815,36
18975,1,4.065723,8.197269,36
4572,1,0.975285,66.351793,36
80337,1,16.400354999999998,-39.19298,36
111056,1,22.498047,78.824285,36
14817,1,3.1881630000000003,39.611582,36
115142,1,23.323327,-5.124352,36
31173,1,6.540885,32.454898,36
41039,1,8.375471000000001,-48.490381,36
12832,1,2.749328,12.445761,36
108991,1,22.079839,-0.906343,36
57870,1,11.869537,-56.987741,36
90642,1,18.494717,-1.985308,36
37300,1,7.657942,17.674519,36
51635,1,10.54913,-47.003353,36
72573,1,14.838814,82.511944,36
61468,1,12.595987,-41.021945,36
42536,1,8.671553999999999,-52.921887,36
95771,1,19.478427,24.664905,36
22565,1,4.856239,18.839861,36
36896,1,7.585777999999999,30.960924,36
10054,1,2.157062,81.29594499999997,36
62683,1,12.844769,-33.999302,36
29508,1,6.216499,10.287415,36
6981,1,1.498017,18.355669,36
16244,1,3.489456,49.508948,36
37704,1,7.7352539999999985,25.784159,36
99158,1,20.130658,9.399833,36
93015,1,18.949177,-67.23349499999999,36
79867,1,16.302721,68.55454499999999,36
102388,1,20.747919,25.270617,36
105269,1,21.322828,38.237473,36
43067,1,8.772927000000001,-13.547720000000002,36
186,1,0.040046,8.956824000000003,36
67627,1,13.857205,64.723272,36
42201,1,8.604845,20.341506,36
63613,1,13.037759,-71.548855,36
22028,1,4.73555,-18.666586,36
12444,1,2.670117,-9.452875,36
14544,1,3.129817,47.308709,36
90098,1,18.387117,-61.493901,36
92382,1,18.826388,-43.434102,36
70027,1,14.329233,16.306948000000002,36
47522,1,9.688058,-23.591514,36
24799,1,5.316674,33.748394,36
66936,1,13.717698,3.537903,36
57587,1,11.806524,-10.313105,36
108952,1,22.073288,-29.91653,36
70035,1,14.331002,-61.272972,36
82321,1,16.820615,45.983323,36
26870,1,5.704893,2.367177,36
106913,1,21.652812,-27.306572,36
103635,1,20.997458,16.824342,36
13108,1,2.808913,18.28379,36
112761,1,22.836137,50.676917,36
86768,1,17.729728,-7.079608,36
3992,1,0.85509,3.38502,36
108587,1,21.997092,70.86604,36
950,1,0.195552,-35.133119,36
56253,1,11.530832,81.127257,36
1921,1,0.404348,52.019914,36
966,1,0.19891,-42.172144,36
69536,1,14.234773,12.959444,36
72370,1,14.797701000000002,-79.044751,36
8046,1,1.7221509999999998,60.551332,36
67429,1,13.819429,51.483362,36
91989,1,18.74921,-39.686188,36
102216,1,20.711025,60.601316,36
87879,1,17.951954,-13.653238,36
32578,1,6.7976800000000015,2.412159,36
105425,1,21.354611,-49.938248,36
98162,1,19.94912,-27.169899,36
101477,1,20.565297,-44.516048,36
42080,1,8.576711,65.14517,36
114,1,0.024777,30.735785,36
87544,1,17.884733999999995,-13.65023,36
4852,1,1.040674,-31.552005,36
105727,1,21.413729,80.524826,36
47205,1,9.620185,6.835802,36
24575,1,5.271708,34.312317,36
104194,1,21.110026,47.648403,36
51979,1,10.620481,-27.412634000000004,36
105229,1,21.315369,41.040518,36
88857,1,18.14132,-16.416665,36
117927,1,23.918831,7.070972,36
100435,1,20.36762,24.446099,36
62423,1,12.792873,66.790304,36
67663,1,13.863117,-46.898666,36
21296,1,4.569897,-8.231352000000001,36
42008,1,8.562077,4.757,36
82802,1,16.922825,18.433213,36
100515,1,20.382089,42.983543,36
103736,1,21.020644,43.721788,36
25918,1,5.531318,-76.340964,36
75206,1,15.368975,-47.927792,36
7506,1,1.61244,-58.270966,36
113998,1,23.086904,-17.07925,36
79320,1,16.188256,-41.11980300000001,36
19780,1,4.240404,-62.47385799999999,36
64577,1,13.236361,-19.930947,36
45496,1,9.270024,-57.541473,36
92689,1,18.887096,50.708221,36
115125,1,,,36
63117,1,12.932538,-56.83580600000001,36
91845,1,18.725348,-8.275215,36
24254,1,5.206237000000002,73.946674,36
9909,1,2.126074,66.989343,36
117887,1,23.912951,0.109309,36
19587,1,4.197761,-6.837581,36
76939,1,15.710645,-37.424935,36
62807,1,12.870071,17.073943,36
70400,1,14.403151,5.820131,36
68707,1,14.065488,4.9009730000000005,36
17717,1,3.794347,-23.874677,36
31978,1,6.682961,9.895754,36
26106,1,5.567747,-1.035726,36
29919,1,6.298563,61.515286,36
28171,1,5.952385,10.229365,36
113503,1,22.986615,11.728844,36
83262,1,17.017667000000007,-4.222644,36
46371,1,9.45511,-22.343783,36
97757,1,19.866408,47.02733900000001,36
30104,1,6.335018,-48.741093,36
9589,1,2.053236,0.12850699999999998,36
107930,1,21.866954,55.796743000000006,36
83313,1,17.026767,33.56827,36
35699,1,7.3657949999999985,20.443658,36
30093,1,6.333222,-2.944493,36
21928,1,4.715089,43.365138,36
56997,1,11.684171,34.201635,36
113501,1,22.986209,52.65453,36
35987,1,7.416161,11.669524,36
68763,1,14.074160999999998,-14.971708,36
52980,1,10.838349,-8.897763000000003,36
75501,1,15.422285,-38.73362,36
10340,1,2.220369,44.231652,36
24294,1,5.213369,-6.05719,36
64557,1,13.232698,-43.139107,36
91792,1,18.71726,-71.428113,36
80945,1,16.528269,-41.817145,36
88404,1,18.051367000000006,-8.180349,36
79599,1,16.241357,-21.107636,36
97783,1,19.870001,-19.044991,36
1657,1,0.345978,32.911186,36
91975,1,18.747205,2.060038,36
62732,1,12.854994,-60.329789,36
101936,1,20.656914,0.486445,36
58642,1,12.024784,-57.503777,36
103512,1,20.971505,8.51535,36
22263,1,4.793413,-16.934456,36
115746,1,23.44999,87.30750400000002,36
56986,1,11.681568,-62.090101,36
6732,1,1.44491,19.240422,36
38048,1,7.799089,-12.192705,36
42146,1,8.591166000000001,-7.982292,36
29860,1,6.287816,5.100112,36
93717,1,19.082687,-4.03142,36
71295,1,14.580758,-20.439381,36
101724,1,20.619673,-1.311014,36
40702,1,8.308703,-76.919722,36
15457,1,3.322693,3.370198,36
89153,1,18.19537,-23.701235,36
11279,1,2.421119,56.609823,36
113996,1,23.086052,-7.693801,36
58386,1,11.971927,32.330647,36
87072,1,17.792673999999995,-27.830788,36
34033,1,7.060575999999998,10.951817,36
108022,1,21.88438,25.92514,36
58082,1,11.911816,-25.713887,36
115833,1,23.466858,-35.54448499999999,36
20732,1,4.443437,14.713782,36
16599,1,3.560855,54.97485699999999,36
14844,1,3.195229,81.47071,36
664,1,0.136693,-2.447711,36
65420,1,13.40923,-5.16401,36
1465,1,0.304791,11.206214,36
46515,1,9.487423,-35.951335,36
38319,1,7.8506550000000015,33.233653000000004,36
105898,1,21.447668,48.835168,36
9586,1,2.052914,73.85056999999998,36
36211,1,7.457178,66.331571,36
15737,1,3.379234,20.742069,36
1402,1,0.292417,-19.051092,36
60816,1,12.465415,-8.677994,36
3455,1,0.7365,-10.60955,36
60059,1,12.316608,-55.143002,36
109199,1,22.120864,-22.240668,36
21763,1,4.6740309999999985,-19.671493,36
37504,1,7.697004,-72.606098,36
117447,1,23.813937,62.214516,36
103004,1,20.868801,27.096979,36
98526,1,20.016383,8.557735000000001,36
70300,1,14.383956,-39.511819,36
4510,1,0.963931,28.992217,36
2663,1,0.56217,-35.002078000000004,36
80181,1,16.368287,30.891996,36
8814,1,1.888152,40.72979,36
57646,1,11.820774,16.242882,36
61740,1,12.654102,-7.995564,36
60019,1,12.308922,-8.904421000000003,36
80569,1,16.450398999999994,-18.456251,36
55581,1,11.385596,-56.779355,36
51839,1,10.591166,-78.607786,36
74006,1,15.123874,-49.088612,36
71040,1,14.528567,60.225636,36
72631,1,14.850298,-2.29915,36
58758,1,12.050447,-63.31293,36
105858,1,21.440705,-65.366198,36
71115,1,14.542374,22.260059,36
19799,1,4.243398,10.011406,36
78661,1,16.058718,76.793939,36
95564,1,19.438654,-21.776693,36
15444,1,3.3187870000000004,50.094966,36
107901,1,21.861595,-18.62294,36
101756,1,20.623217,38.328665,36
107797,1,21.836939,-16.844914000000006,36
70931,1,14.505823,-49.519018,36
95503,1,19.424906,-23.962457,36
110000,1,22.280012,-12.831436,36
58858,1,12.071277,21.459153,36
25861,1,5.520703,3.292133,36
77060,1,15.734556,-15.672834,36
19740,1,4.232329,9.263824,36
9677,1,2.074844,-29.296819,36
60880,1,12.477265,26.226959,36
1366,1,0.28486300000000003,38.681636,36
114162,1,23.119459,52.816601,36
116118,1,23.528345,-21.369457,36
36284,1,7.4693869999999984,8.92553,36
1473,1,0.305463,36.785224,36
19811,1,4.248143,40.483671,36
86170,1,17.609121,-38.635308,36
27971,1,5.9160629999999985,59.888367,36
99825,1,20.254806,-27.032977,36
44504,1,9.066778,54.283887,36
26093,1,5.565079,14.305578,36
101868,1,20.642198,24.115958,36
95556,1,19.435868,36.31789600000001,36
60900,1,12.481015,-6.530283,36
3456,1,0.736683,-38.421686,36
7650,1,1.6419259999999998,73.04004,36
2484,1,0.525725,-62.958218,36
57779,1,11.848706,12.279037,36
106703,1,21.613553,-33.047896,36
26258,1,5.592046,-5.267384,36
42578,1,8.678669000000001,19.719314,36
7294,1,1.565528,59.23204000000001,36
107649,1,21.804363,-47.303615,36
5251,1,1.119292,53.498185,36
89290,1,18.220194,-41.336111,36
34318,1,7.1145770000000015,-24.960572,36
101997,1,20.669925,-23.773867000000006,36
56510,1,11.584695,54.785419,36
25945,1,5.536875,18.594234,36
22044,1,4.740508,11.146137,36
111795,1,22.64386,56.795632,36
100232,1,20.328685,-1.078514,36
25769,1,5.502835,63.06721999999999,36
24109,1,5.178585,46.96207,36
110135,1,22.309489000000006,-20.740014,36
46744,1,9.527497,-10.552013,36
76880,1,15.699110999999998,-19.678828,36
42133,1,8.588735,19.590063,36
85922,1,17.55829,-5.744803,36
61379,1,12.578448,-44.673018,36
25197,1,5.391065,57.544395,36
111515,1,22.593437,-23.991094,36
109472,1,22.177078,-11.564939,36
1630,1,0.340111,30.935614,36
114273,1,23.1447,2.127883,36
83057,1,16.971651,-50.641185,36
26210,1,5.585891,-0.269599,36
103527,1,20.973871,10.839286,36
91237,1,18.610854,6.671805,36
26234,1,5.589532,-4.42432,36
79488,1,16.220953,5.021086,36
56410,1,11.565639,36.815614,36
103511,1,20.971209,22.325908,36
11348,1,2.433431,-15.341247,36
26174,1,5.580053,-0.953637,36
87616,1,17.898548,-34.752721,36
102843,1,20.834695,44.059304,36
32537,1,6.789278,-37.929698,36
46880,1,9.553461,-21.115722,36
70327,1,14.389638,8.446617,36
81673,1,16.684604999999998,36.201194,36
31646,1,6.623345,6.135382,36
100062,1,20.300388,-21.80996,36
65245,1,13.370855,30.291938,36
38835,1,7.94765,-22.880119,36
79524,1,16.227875,-21.39996,36
103571,1,20.984753,4.29461,36
13339,1,2.861594,46.841939,36
33817,1,7.02048,-25.948716,36
109592,1,22.20056,60.759095,36
89401,1,18.244724,56.588238,36
113638,1,23.014677,-52.754137,36
52911,1,10.820953,10.545202,36
87836,1,17.944955,-28.065394,36
111539,1,22.59689,-17.460424,36
29843,1,6.284331,-22.715229,36
50954,1,10.406592,-74.031612,36
56901,1,11.664201,-14.468529,36
17954,1,3.838593,25.579362,36
109624,1,22.207155,-14.193957,36
13367,1,2.866319,68.888497,36
67057,1,13.741618,-16.179072,36
80862,1,16.51226,-4.082578,36
5589,1,1.194829,65.018854,36
81641,1,16.677413,4.219789,36
114421,1,23.17264,-45.246711,36
108294,1,21.939659,-37.253655,36
69226,1,14.173315,25.091677,36
25541,1,5.460801999999998,34.475892,36
91105,1,18.583998,-10.977206,36
27588,1,5.8416739999999985,2.0247,36
103359,1,20.940407,50.728598,36
64839,1,13.291754999999998,52.20747100000001,36
78914,1,16.108176,-45.173185,36
32402,1,6.764922,-52.409691,36
88839,1,18.134716,-28.457093,36
107409,1,21.755198,-49.498761,36
63948,1,13.105901,21.153397,36
76371,1,15.598126,-44.958389,36
118243,1,23.983482,55.754928,36
48002,1,9.785036,-65.072007,36
25473,1,5.447286,3.0956740000000003,36
93056,1,18.954975,-44.301366,36
60771,1,12.456899,-63.788986,36
62327,1,12.772981,-56.488815,36
39794,1,8.132173,-68.617062,36
7981,1,1.7082700000000002,20.268504,36
5936,1,1.271922,33.11472,36
96052,1,19.529534,34.452968,36
104974,1,21.262456,-15.1715,36
12107,1,2.600013,-7.831597,36
77655,1,15.85387,35.657382,36
27468,1,5.816935,24.567535,36
88012,1,17.977514000000006,-28.759089000000003,36
20354,1,4.359211,46.49887800000001,36
96100,1,19.539149,69.661175,36
23362,1,5.023772,-20.051918,36
16245,1,3.489558,-62.937527,36
2876,1,0.607595,60.32621500000001,36
94083,1,19.152716,76.560502,36
9009,1,1.933337,68.685242,36
59282,1,12.160779,-58.34965500000001,36
813,1,0.167278,11.145813,36
101164,1,20.505551,49.78017,36
26518,1,5.639371,8.48731,36
80682,1,16.472542999999998,67.044,36
16281,1,3.49854,58.87875,36
14240,1,3.060239,-59.737775,36
88866,1,18.143,-63.668553,36
5165,1,1.101407,-46.718414,36
42834,1,8.727853999999999,-49.822802,36
105334,1,21.335968,-45.021893,36
62227,1,12.753915,-62.21765799999999,36
62223,1,12.752174,45.440256,36
60308,1,12.365953,-56.374385,36
102395,1,20.749314,-66.203212,36
34798,1,7.203392999999998,-25.942588,36
79788,1,16.283110999999998,-20.104088,36
40881,1,8.342260000000001,24.022314,36
25353,1,5.422263,-12.554091,36
90037,1,18.371828,-38.656894,36
106429,1,21.556534,-44.8487,36
13055,1,2.796568,81.448475,36
765,1,0.156836,-45.747426,36
34802,1,7.204392,-40.498808,36
21239,1,4.556135,-10.785333,36
63432,1,12.998665,66.597272,36
88258,1,18.023089,-17.156868,36
84720,1,17.317655,-46.636235,36
47168,1,9.611903,31.161734000000006,36
2142,1,0.452034,80.052141,36
50066,1,10.222069,-27.028891,36
88116,1,17.996543,-23.816133,36
56078,1,11.494061,-24.464011,36
31789,1,6.646995,39.902559,36
90139,1,18.394967,21.769752,36
24607,1,5.278067,1.947328,36
43,1,0.008593,59.559679,36
47654,1,9.715895,72.252618,36
102453,1,20.761043,30.719715,36
78459,1,16.017412,33.303509000000005,36
34814,1,7.206716,-27.474758,36
21139,1,4.531296,-0.044011,36
30788,1,6.469503,-32.58007,36
8837,1,1.894102,-46.302669,36
6242,1,1.334699,58.231611,36
23166,1,4.983713,-16.376027,36
87728,1,17.919762,72.005127,36
48833,1,9.96141,41.055633,36
101384,1,20.547877,-24.943829,36
96440,1,19.607243,-18.852921,36
88550,1,18.080662,-35.901442,36
18597,1,3.979095,-61.400185,36
59872,1,12.278914,-2.739549,36
29151,1,6.149418,2.499692,36
27100,1,5.7462230000000005,-65.73552600000001,36
102589,1,20.790149,36.490717,36
37331,1,7.663458,-72.581916,36
59856,1,12.27504,33.061527000000005,36
86201,1,17.615859,68.75797,36
63950,1,13.106278,22.616187,36
21029,1,4.509342,16.194014000000006,36
14862,1,3.198957,74.393659,36
57439,1,11.775232,-61.178398,36
59996,1,12.304693,-63.28014200000001,36
68184,1,13.958911,61.492861,36
37379,1,7.673114,-15.26392,36
47594,1,9.704137,69.237537,36
88528,1,18.077836,23.941999,36
6312,1,1.35145,64.65813100000001,36
10320,1,2.21513,-30.723825,36
107472,1,21.767879,22.94888,36
59468,1,12.19755,25.87028,36
2661,1,0.561401,-29.558278,36
60998,1,12.501868,69.201123,36
65593,1,13.448922,-41.497562,36
55756,1,11.424852,-36.063062,36
90191,1,18.40383,39.507239,36
22834,1,4.913273,7.779097,36
63802,1,13.076905,-61.710283,36
84105,1,17.194077,-48.873399,36
109056,1,22.092964,28.963981,36
20635,1,4.422822,22.293874,36
71832,1,14.694097,8.161764,36
2210,1,0.4654720000000001,-33.007166999999995,36
91217,1,18.607731,9.122491,36
107089,1,21.691253,-77.390046,36
99655,1,20.223288,56.567722,36
32883,1,6.85197,-47.326047,36
98571,1,20.022655,50.104695,36
6502,1,1.391933,-30.945617,36
88331,1,18.039736,20.833632,36
82273,1,16.811076999999994,-69.027715,36
78105,1,15.948193,-33.966134000000004,36
69929,1,14.310626999999998,-18.715968,36
29941,1,6.303813,-19.966974,36
72010,1,14.727624,-35.173655,36
90441,1,18.453475,0.196108,36
92488,1,18.849586,-9.774096,36
57669,1,11.828077,-63.78847800000001,36
92512,1,18.853348,59.388351,36
71876,1,14.700889000000002,61.26191600000001,36
74117,1,15.147394,-45.279857,36
30972,1,6.500826999999999,46.685554,36
48341,1,9.853898,-4.24335,36
51576,1,10.533743,-61.685332,36
6522,1,1.3963370000000002,78.726056,36
26762,1,5.684888,0.337753,36
94727,1,19.275287,4.834795,36
6706,1,1.437573,19.172346,36
31278,1,6.560534,-1.2201540000000002,36
43142,1,8.787496,-1.897033,36
667,1,0.137128,29.732273,36
113186,1,22.920464000000006,8.816166,36
80016,1,16.33344,-9.850982,36
4475,1,0.955435,61.42189499999999,36
84500,1,17.275477,1.210545,36
53807,1,11.009347,3.617494,36
83153,1,16.993069000000002,-53.160438,36
98495,1,20.009845,-72.910504,36
69829,1,14.291237,15.263379999999998,36
26882,1,5.707347,65.697649,36
57791,1,11.85062,-5.333332,36
86399,1,17.654427,30.253358,36
37891,1,7.765797,-14.563805,36
22678,1,4.877218,36.703187,36
84402,1,17.255635,-14.58414,36
133,1,0.02823,-40.148702,36
102531,1,20.777462,16.124133999999998,36
73937,1,15.109222,-30.918483,36
102611,1,20.794,16.238441,36
24951,1,5.3442120000000015,46.963783,36
37229,1,7.647186,-26.803836,36
59273,1,,,36
73497,1,15.022174,-2.754927,36
12621,1,2.703739,42.777948,36
61719,1,12.650606,22.659497,36
80212,1,16.374741,-43.912051,36
67848,1,13.897507,53.72867700000001,36
88326,1,18.039511,-12.318373,36
82037,1,16.758243,1.020161,36
20901,1,4.480601,13.047602,36
106907,1,21.651697,-33.678856,36
102487,1,20.769441,-21.514032,36
111170,1,22.521753,-6.555151,36
107517,1,21.775583,-11.365954,36
117756,1,23.880702,-8.996756,36
109556,1,22.191828,59.414488,36
29711,1,6.258243,-4.914719,36
52730,1,10.780024,-69.209786,36
72290,1,14.783694,-52.383518,36
60000,1,12.305812,-79.31224,36
100738,1,20.424119,-28.663269,36
10642,1,2.283068,-6.422116,36
26126,1,5.571326,3.766895,36
4283,1,0.914667,83.707435,36
65721,1,13.473837,13.778787,36
51384,1,10.495037,84.252009,36
61611,1,12.625697,53.753177,36
9990,1,2.144606,58.423601,36
16641,1,3.568993,17.832828,36
61789,1,12.664594,-39.987302,36
24927,1,5.340811,-21.239763,36
24817,1,5.319783,2.595806,36
106999,1,21.669749,43.273839,36
8209,1,1.760763,-25.05261,36
96760,1,19.668657,-23.429086,36
59396,1,12.184772,-61.277425,36
61179,1,12.535781,-56.129539,36
65535,1,13.435482999999998,-39.755107,36
81305,1,16.606268,-42.858861,36
104750,1,21.221479,-27.619333,36
94685,1,19.266525,27.926302000000003,36
75828,1,15.490075,-46.732704,36
70069,1,14.338763,-56.386497,36
113080,1,22.901568,-19.175149,36
22626,1,4.868109,63.505421,36
53907,1,11.030465,-2.484585,36
26712,1,5.676641,31.358197,36
2611,1,0.552879,54.894985,36
2072,1,0.436716,-43.679829,36
66015,1,13.534114,-18.72888,36
34924,1,7.226792,-27.35636,36
108784,1,22.036625,-17.903474,36
69989,1,14.321188,13.004299,36
102635,1,20.797025,47.831869,36
35044,1,7.247546000000002,-27.037996000000003,36
8626,1,1.854701,64.854952,36
30247,1,6.362811,53.452179,36
19921,1,4.274738,-59.302156,36
63972,1,13.109743,-41.588443,36
10280,1,2.206191,30.303067,36
10328,1,2.217584,15.27986,36
33152,1,6.902209,-24.184211,36
90595,1,18.486626,-14.565813,36
102431,1,20.755878,57.579725,36
84862,1,17.34432,32.467743,36
58921,1,12.082564,-60.968252,36
30185,1,6.350803,2.568784,36
26149,1,5.574802,-0.012345,36
7679,1,1.647718,-21.275384,36
5626,1,1.204601,79.673963,36
64348,1,13.189789,-43.36855300000001,36
75256,1,15.377014,62.047076,36
52102,1,10.645834,-59.182997,36
27530,1,5.830451,-56.166663,36
37773,1,7.745519,-66.071933,36
19949,1,4.278638,53.611799,36
17900,1,3.828758,23.711855,36
68498,1,14.022341,8.894906,36
21986,1,4.726318,-8.794317,36
25475,1,5.447578,33.262258,36
82979,1,16.957222,-10.963373,36
7699,1,1.652106,-56.429373,36
101909,1,20.65138,15.838199,36
102092,1,20.689902,-31.598289,36
75260,1,15.377341,63.341439,36
17271,1,3.698609,43.514373,36
20025,1,4.295284,13.836592,36
30214,1,6.356865,-11.773238,36
7751,1,1.663169,-56.1964,36
87706,1,17.915012,-24.887095,36
69269,1,14.18069,-16.30203,36
37629,1,7.721867,28.88351,36
116368,1,23.580378,-15.246004999999998,36
88836,1,18.133959,36.40126400000001,36
46734,1,9.525601,-31.871831,36
102029,1,20.676475,15.643245,36
11477,1,2.467139,-33.811039,36
79664,1,16.257297,-63.68568199999999,36
22086,1,4.751156,-21.283383,36
115088,1,23.3104,68.11144499999999,36
113531,1,22.993243,-13.070895,36
79509,1,16.224648000000002,-54.630467,36
93580,1,19.058959,1.818768,36
42556,1,8.67417,19.544808,36
43834,1,8.927688999999997,27.927481,36
56862,1,11.658227,-65.397766,36
75696,1,15.464287,60.670217,36
36773,1,7.563323,-14.523892000000002,36
100256,1,20.333386,13.548091,36
47006,1,9.580405,52.051477,36
12189,1,2.61681,24.647222,36
90647,1,18.495823,77.54706800000002,36
26508,1,5.637149,-1.169176,36
23088,1,4.969275,25.050405,36
4411,1,0.941856,42.978787,36
46982,1,9.575736,-5.914948000000001,36
10814,1,2.319675,46.472261,36
42884,1,8.739987,-42.649276,36
57045,1,11.695418,55.172011,36
64016,1,13.117331,-58.805461,36
87998,1,17.975041,30.189277,36
53773,1,11.002572,-42.225859,36
108456,1,21.970404,82.869485,36
8115,1,1.738317,57.53661700000001,36
70469,1,14.413507999999998,-24.80631,36
12821,1,2.7471330000000003,67.82463,36
26865,1,5.7038769999999985,-22.373715,36
83504,1,17.066123,13.567420000000002,36
42516,1,8.66845,20.007788,36
112917,1,22.867225,43.312417,36
75304,1,15.385931,-36.858489,36
33611,1,6.983498,-26.474425,36
64332,1,13.185804999999998,-42.232891,36
34041,1,7.06192,-25.083914,36
89918,1,18.347795,3.377165,36
108060,1,21.893717,19.668437,36
111449,1,22.57823,-20.708216,36
60969,1,12.498388,-56.52494,36
17884,1,3.825357,65.525972,36
101090,1,20.492039,-22.391567,36
101082,1,20.490931,81.091277,36
29433,1,6.200372,19.790543,36
16292,1,3.500057,55.45180799999999,36
1708,1,0.358665,-28.981469,36
117089,1,23.736688,-18.276938,36
42673,1,8.697245,19.87417,36
98738,1,20.054555,18.500993,36
116853,1,23.685809,-11.680655,36
44818,1,9.133348,29.654235,36
34579,1,7.161950999999998,-25.231034,36
10557,1,2.265387,63.236301,36
41312,1,8.428951,-66.13689000000001,36
2505,1,0.529539,54.522289,36
102790,1,20.824709,-46.226826,36
102094,1,20.690073,-25.999911,36
80000,1,16.330687,-50.15550800000001,36
92609,1,18.870288,-62.18759300000001,36
106944,1,21.65924,2.243558,36
41404,1,8.446408,26.935489,36
20922,1,4.485257,-13.04837,36
57670,1,11.828258,34.931758,36
92549,1,18.859712,52.975117,36
72432,1,14.810569,-36.634697,36
45410,1,9.253848,14.941507,36
59961,1,12.298164,-6.4310800000000015,36
101966,1,20.66441,11.249649,36
61103,1,12.522616,7.604309,36
10793,1,2.315831,28.642674,36
111138,1,22.514936,-26.073752,36
59457,1,12.195635,-64.948789,36
17563,1,3.761234,6.049991,36
70090,1,14.342623,-37.885295,36
106140,1,21.499137,23.638838,36
6411,1,1.372337,45.528778,36
61158,1,12.53226,-63.505838,36
63221,1,12.953767,8.293783,36
31083,1,6.522636,2.911297,36
51561,1,10.532622,-45.06671,36
106856,1,21.642205,5.771742,36
96620,1,19.644769,54.97379300000001,36
50851,1,10.383458,6.542643,36
26319,1,5.604954,-1.63533,36
104105,1,21.09145,78.12639200000002,36
3677,1,0.7842319999999999,41.964834,36
46404,1,9.462995,-6.071187,36
106067,1,21.484372,-31.238559,36
9808,1,2.103169,49.156332,36
6960,1,1.49337,-21.629339,36
26188,1,5.582358,-0.12286,36
38474,1,7.879961,-5.428257,36
42568,1,8.676953,-59.761003,36
42628,1,8.687586,20.476905,36
26248,1,5.5908690000000005,24.039589000000007,36
38538,1,7.891616,26.765783000000006,36
24203,1,5.195931,1.037028,36
107235,1,21.718465,41.15497,36
46774,1,9.53266,9.715767,36
110724,1,22.433383,80.701595,36
30520,1,6.414973000000002,49.287893,36
15979,1,3.4299660000000003,53.921522,36
33575,1,6.976639,-25.414157,36
39311,1,8.03776,2.334571,36
61916,1,12.689723,-46.145581,36
79545,1,16.231645999999998,-6.908617,36
52922,1,10.823457,-59.323793,36
100027,1,20.29413,-12.508212,36
95937,1,19.511066,-2.788887,36
28358,1,5.992111,54.28465600000001,36
89772,1,18.319316,7.259767,36
11046,1,2.37011,-0.8848520000000001,36
11670,1,2.508986,25.235036,36
33804,1,7.018317999999999,-25.215634,36
2548,1,0.5399390000000001,6.955463000000001,36
101134,1,20.5002,72.53170300000002,36
4893,1,1.047305,26.299391,36
21281,1,4.566598,-55.044975,36
96234,1,19.569024,-40.034638,36
6371,1,1.364429,50.12198400000001,36
59364,1,12.179471,27.281505,36
23883,1,5.132066,21.704821,36
87390,1,17.85904,-40.772461,36
5346,1,1.1395,5.649819,36
105476,1,21.363639000000006,-29.166071,36
9568,1,2.049177,77.916263,36
9440,1,2.020759,-30.00183,36
72800,1,14.880855,-37.80316,36
7387,1,1.587465,-58.139475,36
97635,1,19.843813,52.988001,36
17772,1,3.805021,50.736767,36
23783,1,5.111289,51.59772,36
93134,1,18.972579,-31.035975,36
58576,1,12.012347,-10.446014,36
87294,1,17.83642,-40.090435,36
5554,1,1.1874790000000002,46.629826,36
37949,1,7.777792999999999,65.455676,36
20219,1,4.332694999999998,14.035201,36
5518,1,1.1775790000000002,68.778621,36
55598,1,11.389415,-18.779973,36
52457,1,10.7236,23.188404,36
13702,1,2.940596,18.023119,36
97675,1,19.850456,10.415727,36
107788,1,21.835749,17.285851,36
37901,1,7.767275,-6.772511,36
56332,1,11.54837,-31.087226,36
89096,1,18.184557,-47.51312100000001,36
8362,1,1.795668,63.852501,36
3544,1,0.754774,55.221396,36
31832,1,6.655507000000001,42.488877,36
93425,1,19.02748,-36.890708,36
6226,1,1.330082,-0.509029,36
103227,1,20.913498,-58.45415500000001,36
72959,1,14.910532,-33.300575,36
16310,1,3.503773,-41.369937,36
99303,1,20.157116,36.839621,36
91308,1,18.624929,-2.920029,36
19893,1,4.267097,-51.486648,36
103598,1,20.990377,59.438594,36
87234,1,17.824154999999994,76.96288100000002,36
38146,1,7.817132000000001,-24.912208,36
80840,1,16.508338000000002,-7.514450999999998,36
40215,1,8.213552,68.47407199999999,36
23680,1,5.089921,1.177627,36
17584,1,3.76646,45.681899,36
89507,1,18.264843,-44.206461,36
5021,1,1.072084,61.580184,36
967,1,0.199741,48.152396,36
52689,1,10.773689,14.194645,36
89172,1,18.198377,31.40535,36
21670,1,4.65171,7.870976,36
115839,1,23.468109,-11.449752,36
27766,1,5.875883,-37.631063,36
26020,1,5.552041,-1.7173580000000002,36
3521,1,0.7491869999999999,-42.676558,36
63066,1,12.922067,-42.915732,36
52425,1,10.717789,69.07621400000001,36
81008,1,16.543415,11.488041,36
44154,1,8.992405,32.418559,36
69879,1,14.29995,35.509505,36
109973,1,22.274045,-41.627225,36
19719,1,4.225862,7.7160449999999985,36
57613,1,11.812524,-26.749777,36
17467,1,3.743085,35.855729,36
110009,1,22.281268,-9.040067,36
29990,1,6.312996,-50.3591,36
87161,1,17.807098999999994,-16.827184,36
52405,1,10.711269,-59.215759,36
21770,1,4.676039,-41.86375200000001,36
5566,1,1.190428,64.20267700000001,36
61542,1,12.609448,-6.065551,36
107575,1,21.787212,2.686124,36
48559,1,9.903425,-25.932345,36
107856,1,21.851383,39.536658,36
31700,1,6.631506,-18.237478,36
19777,1,4.239914,-10.256283,36
5914,1,1.268064,25.769358,36
69389,1,14.20439,2.4094330000000004,36
88732,1,18.114854,50.822823,36
60066,1,12.317229,26.008349,36
52959,1,10.831591,27.973948,36
73507,1,15.024195,60.204453,36
12332,1,2.646943,21.961408,36
104174,1,21.106855,-32.341618,36
60098,1,12.324873,28.156916,36
2762,1,0.5874659999999999,-3.592846,36
25291,1,5.4107,31.143148,36
25216,1,5.393807,16.699298000000002,36
91852,1,18.726696,36.556605,36
50888,1,10.391478,-38.009839,36
106227,1,21.51647,60.45943199999999,36
21273,1,4.564143,14.844423999999998,36
10000,1,2.146276,60.95492,36
36641,1,7.534986,1.914481,36
93279,1,19.000229,32.145514,36
65387,1,13.400128,-64.535668,36
18396,1,3.932824,47.87142,36
90414,1,18.448336,-48.117243,36
90067,1,18.380288,17.826616,36
85889,1,17.552052,-41.173066,36
69585,1,14.243224,13.975451,36
16335,1,3.509579,47.995216,36
98823,1,20.068976,7.277966,36
30666,1,6.444329,-1.507336,36
104968,1,21.261779,77.01229599999998,36
79375,1,16.199997,-10.064253,36
94149,1,19.164332,-0.4281140000000001,36
107019,1,21.674252,-34.534824,36
64004,1,13.11518,-49.906246,36
36721,1,7.552716,-24.710731,36
51056,1,10.431895,33.79612,36
107151,1,21.704292,5.680137,36
65323,1,13.388582,-4.924427,36
80460,1,16.423379999999998,37.394079,36
39906,1,8.150455000000001,-19.245014,36
7535,1,1.61831,12.141535,36
60851,1,12.472025,-64.34098900000001,36
25816,1,5.513514,41.461994,36
64823,1,13.287674,13.675751000000002,36
17776,1,3.805782,23.42125,36
70753,1,14.469564000000002,-29.491638,36
114131,1,23.11465,-43.520358,36
54301,1,11.109015,-62.424113,36
33827,1,7.022612,70.808296,36
117722,1,23.874998,-14.251217,36
109654,1,22.213284,34.604592,36
5081,1,1.0848209999999998,14.946132999999998,36
25976,1,5.543883,0.011933,36
72664,1,14.857362,59.293985,36
27750,1,5.874011,1.855134,36
15627,1,3.353784,21.147086,36
70104,1,14.345159,-45.18706,36
103894,1,21.051343,38.657415,36
37469,1,7.690413,-43.635334,36
32607,1,6.803194,-61.941391,36
77661,1,15.85442,20.977919,36
91992,1,18.749787,-39.750118,36
73559,1,15.032801,-34.358875,36
23043,1,4.956206,17.153677,36
92814,1,18.911976,-15.603036,36
62053,1,12.718641,-65.67311099999999,36
80480,1,16.428739999999998,78.963854,36
47854,1,9.754117,-62.507903000000006,36
92782,1,18.90661,71.29719200000002,36
34624,1,7.172034,-27.49152,36
60018,1,12.308781,30.249047,36
98103,1,19.937292000000006,11.423721,36
75323,1,15.389625,-59.320787,36
10388,1,2.229989,64.855011,36
58158,1,11.927814,-28.477103000000003,36
104365,1,21.142673,-21.193669,36
52686,1,10.773484,18.891523,36
112242,1,22.734856,41.819235,36
39659,1,8.10511,22.63549,36
109289,1,22.140537,-34.043841,36
62933,1,12.897142,12.418416,36
11738,1,2.525027,2.267182,36
45754,1,9.329982,-34.103339,36
56035,1,11.484621,61.77836800000001,36
73184,1,14.957765,-21.415475,36
33492,1,6.961842,-27.537505,36
6867,1,1.472759,-43.318234,36
107136,1,21.701573,51.189622,36
54765,1,11.212347,54.894287,36
115404,1,23.377547,-15.039338,36
37204,1,7.642460000000002,35.04855,36
107128,1,21.700192,-23.262858,36
63081,1,12.925082000000002,11.495923,36
9727,1,2.085315,77.281341,36
31407,1,6.58294,-52.975607,36
27321,1,5.788079,-51.066514,36
86698,1,17.714194,-36.94556400000001,36
92833,1,18.914588,33.968576,36
87569,1,17.889853,-34.895125,36
47029,1,9.584399,39.621493,36
696,1,0.142638,-17.578155,36
68245,1,13.971186,-42.10075300000001,36
19990,1,4.287684,20.578591,36
10893,1,2.336906,64.336949,36
51849,1,10.59314,-57.557636,36
64094,1,13.135321,-65.306023,36
96721,1,19.661606,-45.27855,36
34331,1,7.116664,-26.656754,36
85819,1,17.536251,55.184243,36
41616,1,8.484653999999999,-47.928923,36
13965,1,2.997164,47.220693,36
17771,1,3.804519,11.143294,36
68493,1,14.021962,-40.221943,36
105102,1,21.290265,39.394681,36
42028,1,8.567116,-2.151555,36
60197,1,12.344827,27.054545,36
60525,1,12.407446,25.582404,36
42088,1,8.578778,-49.944203,36
35941,1,7.409292,27.637857,36
109102,1,22.100543,45.014348,36
9312,1,1.993892,64.621602,36
45085,1,9.184556,-44.867902,36
58460,1,11.988205,33.167004,36
21594,1,4.6363400000000015,-14.30402,36
105668,1,21.403192,-12.878108,36
5317,1,1.133559,43.942092,36
42835,1,8.727882000000001,-7.23373,36
113864,1,23.059128,67.20921,36
60485,1,12.400414,51.562257,36
66763,1,13.683986,22.495768,36
66727,1,13.677909,19.955719,36
60221,1,12.348809,-13.565724,36
95294,1,19.386976,-44.799778,36
31771,1,6.644317,39.390854,36
83163,1,16.995642,-18.248341,36
111841,1,22.654355,39.050269,36
20884,1,4.475589,1.380821,36
27890,1,5.901658,-63.089627,36
87074,1,17.79355,-14.725824,36
107763,1,21.830748,30.174215000000004,36
99352,1,20.165735,20.915028,36
111674,1,22.622899,51.545123,36
68862,1,14.10077,-41.179633,36
9236,1,1.979451,-61.569859,36
89348,1,18.231545,64.397287,36
23040,1,4.95478,53.752101,36
15371,1,3.303309,-62.506363,36
19513,1,4.180517,26.480952,36
68269,1,13.975319,-24.972249,36
52742,1,10.782634,-56.757192,36
19461,1,4.167439,80.69868100000002,36
74946,1,15.315181,-68.67954499999999,36
103632,1,20.997098,47.520951,36
60988,1,12.500815,51.535631,36
105685,1,21.405786,-46.614706,36
56922,1,11.670221000000002,-34.74466,36
5348,1,1.139742,-55.24576,36
66798,1,13.691625,64.822411,36
54863,1,11.233842999999998,8.060694999999999,36
9763,1,2.092103,76.11506,36
112203,1,22.724993,-41.414347,36
109831,1,22.245656,42.95391,36
72929,1,14.905592,-24.642202,36
19177,1,4.110785,65.520798,36
3132,1,0.663247,82.493762,36
98819,1,20.068399,17.070173,36
52638,1,10.764416,30.682313,36
50785,1,10.369569,-58.265572,36
26213,1,5.586885,-0.735354,36
99874,1,20.262816,27.814242,36
80248,1,16.383182,-7.208936,36
13879,1,2.979352,39.662728,36
19996,1,4.288673,-6.4721769999999985,36
19747,1,4.233363,-42.294368,36
70952,1,14.512832,63.185788,36
15890,1,3.411267,64.585996,36
60944,1,12.491975,-66.860487,36
103732,1,21.019702,46.155773,36
48437,1,9.875121,-8.105030000000001,36
26117,1,5.569372,-1.901853,36
58654,1,12.027635,36.042086,36
81065,1,16.557609,-78.897148,36
118027,1,23.940996,83.19111600000002,36
26173,1,5.580002,-7.200386999999999,36
25790,1,5.507268,15.360449,36
105665,1,21.402665,-20.851869,36
103226,1,20.913283,-17.922894,36
57175,1,11.725332,-62.489396,36
97067,1,19.727116,-37.53876500000001,36
95673,1,19.46011,37.941197,36
36238,1,7.4623240000000015,21.445247,36
74604,1,15.2437,-31.519121,36
105319,1,21.331096,-53.449427,36
107975,1,21.874978,28.793538,36
4962,1,1.06028,61.074823,36
113031,1,22.891307,-11.616514,36
31579,1,6.609121000000001,38.4455,36
95066,1,19.342473,-5.4157660000000005,36
93017,1,18.950441,32.901273,36
41816,1,8.525145,24.081105,36
6999,1,1.501695,47.007274,36
3478,1,0.7406119999999999,47.863984,36
66400,1,13.61346,-26.495198,36
11001,1,2.362498,-68.659418,36
48584,1,9.908838,-22.487456,36
15219,1,3.270057,50.937664,36
1415,1,0.295295,51.43309,36
85382,1,17.446153,34.695802,36
44191,1,9.001505,-41.253605,36
21278,1,4.565201999999998,-6.738908,36
21949,1,4.717764,-70.931027,36
60870,1,12.476029,-56.407816,36
11029,1,2.367092,-10.777534,36
56083,1,11.495446,56.737573,36
11021,1,2.36573,0.395675,36
36528,1,7.5146380000000015,68.465621,36
70518,1,14.424970000000002,-19.969985,36
19205,1,4.116795,29.001299,36
33532,1,6.9687649999999985,-27.164381,36
64924,1,13.306763,-18.311196,36
840,1,0.171908,-5.248588,36
1728,1,0.362853,-20.058024,36
81304,1,16.606242,-35.25532600000001,36
48219,1,9.830931,-36.268463,36
1493,1,0.310625,31.517227,36
10777,1,2.311762,45.639706,36
59397,1,12.184969,-56.40135600000001,36
92161,1,18.783686,18.181519,36
69658,1,14.256691,-18.20069,36
43305,1,8.822702,-3.443023,36
10305,1,2.213206,-2.393637,36
10309,1,2.21388,79.69154,36
61578,1,12.618563,-2.322103,36
108681,1,22.016415,-36.556316,36
61558,1,12.613154,-5.831898000000002,36
22441,1,4.828912,15.904221,36
51313,1,10.481274,-64.172278,36
12394,1,2.659799,-68.26694599999999,36
73350,1,14.989754,4.567761,36
106564,1,21.581389,-29.696117,36
22453,1,4.831846,37.488275,36
59489,1,12.200281,28.536313,36
38901,1,7.961141,-30.334570000000006,36
110602,1,22.407517,-13.529369,36
12530,1,2.687222,-0.695653,36
28686,1,6.0568800000000005,11.681065,36
24372,1,5.229288,-67.185255,36
39079,1,7.995597999999998,-3.679583,36
34981,1,7.237559,-26.352507,36
26777,1,5.688255000000002,16.534148000000002,36
12346,1,2.649532,62.591508,36
26563,1,5.648079,-7.212828999999998,36
81972,1,16.745165,-40.839675,36
73776,1,15.08003,-64.03135,36
92111,1,18.772391,-22.392176,36
114622,1,23.221098,57.16835500000001,36
102370,1,20.742518,69.751813,36
104385,1,21.146575,-76.212469,36
57320,1,11.753173,14.263335,36
102422,1,20.754811,61.838782,36
45038,1,9.173204,67.13401800000001,36
12222,1,2.622933,63.881416,36
90200,1,18.405067000000006,-44.110256,36
24512,1,5.257682,22.284858,36
47187,1,9.616725,-25.296759,36
63121,1,12.933468,38.314912,36
86486,1,17.673276,-49.415587,36
16852,1,3.614551,0.401662,36
29138,1,6.1463980000000005,8.669432,36
80351,1,16.403008,6.948207000000001,36
115152,1,23.324945,48.625322,36
55831,1,11.443174,-61.11516700000001,36
98844,1,20.073098,-0.709309,36
17959,1,3.839302,71.332266,36
7359,1,1.580296,18.460512,36
110130,1,22.308371,-60.259587,36
63033,1,12.916269,-44.151968,36
12086,1,2.596336,34.687558,36
80463,1,16.423598000000002,14.033270000000002,36
1599,1,0.334142,-64.874791,36
61420,1,12.585602,21.881384,36
103200,1,20.909344,28.057621,36
29150,1,6.149407,-22.427412,36
99951,1,20.279746,24.671102,36
18505,1,3.957067,63.072264,36
96327,1,19.585349,-10.560444,36
81852,1,16.718126,-77.51743499999998,36
7447,1,1.598542,17.433841,36
24340,1,5.223811,38.484498,36
114996,1,23.290498,-58.235734,36
56944,1,11.674287,57.970404,36
102014,1,20.672174,-33.431843,36
95585,1,19.441969,0.33857,36
95823,1,19.489951,-43.445195,36
117245,1,23.773199,3.486811,36
111086,1,22.504819,-14.585734,36
10729,1,2.301275,57.516321,36
37394,1,7.676533999999998,-8.18543,36
81724,1,16.692884,-17.742167000000006,36
92405,1,18.831366,32.551058000000005,36
3334,1,0.7086180000000001,58.753411,36
86929,1,17.762221,-64.723871,36
29997,1,6.3141050000000005,69.319787,36
21517,1,4.6207720000000005,18.543031,36
8423,1,1.810808,37.95287,36
70638,1,14.448801,-83.667884,36
25580,1,5.466926,33.763703,36
72683,1,14.860641,-43.57535900000001,36
84969,1,17.366531,-67.770668,36
103398,1,20.947984,-22.005746,36
109509,1,22.183993,-21.23279,36
64792,1,13.279588,9.424156,36
96406,1,19.600459,-24.719081,36
89047,1,18.175443,54.286552,36
58307,1,11.957198,-61.123431,36
62757,1,12.860247,3.056788,36
109521,1,22.186069,50.823393,36
99639,1,20.22168,46.815675,36
99240,1,20.145157,-66.182068,36
94986,1,19.327776,-35.421452,36
21861,1,4.700965,-37.144297,36
73036,1,14.926287,-60.114164,36
52558,1,10.745842,-59.56519,36
15696,1,3.36997,27.607553000000006,36
56243,1,11.529464,-59.442061,36
5042,1,1.075717,-33.532845,36
64852,1,13.293412,5.469869,36
70574,1,14.435619,-45.221424,36
49641,1,10.1323,-0.371637,36
7083,1,1.520851,-49.072702,36
61658,1,12.639557,1.854662,36
23900,1,5.135173,24.265175,36
1960,1,0.413193,61.831057,36
44382,1,9.040777,-66.39607600000001,36
64407,1,13.200984,-16.198601,36
103777,1,21.029244,-26.880993,36
7965,1,1.705688,68.043021,36
56620,1,11.609706,-33.570057,36
33760,1,7.011809,-28.489574,36
27253,1,5.776364,1.168193,36
8016,1,1.715493,70.62252600000002,36
36640,1,7.534934,-8.881326,36
51437,1,10.504855,-0.637026,36
112405,1,22.767692,-81.381615,36
20250,1,4.339226999999998,27.350754,36
30493,1,6.409426,-1.41822,36
79653,1,16.254257,-47.372021,36
20266,1,4.344541,65.14044100000001,36
33040,1,6.883417,-26.957632,36
63277,1,12.966938,-61.05532,36
57512,1,11.788654,-57.696498,36
7984,1,1.708969,66.107959,36
22325,1,4.809037,-16.329484,36
59649,1,12.232584,-57.944283,36
87865,1,17.948860999999994,-40.305643,36
30545,1,6.421263,-0.945883,36
75647,1,15.455037,-36.76756,36
89980,1,18.358713,-24.915276,36
98512,1,20.013424,-45.112918,36
100977,1,20.473585,-3.357794,36
34339,1,7.118633,-40.893268,36
8020,1,1.7162,61.421073,36
114520,1,23.195608,8.720116,36
8404,1,1.807227,3.685447,36
84177,1,17.207725,10.585168,36
96459,1,19.610555,44.694936,36
26487,1,5.633644,7.54142,36
4298,1,0.918114,48.67852,36
88817,1,18.130417,26.09734,36
31622,1,6.617636,5.5193900000000005,36
100195,1,20.323223,-19.118533,36
106340,1,21.537381,-33.944623,36
110778,1,22.442853,-16.742138,36
2219,1,0.467475,17.893125,36
