ast_ID,vals,ra,dec
01A,1,"13.419883, 13.578220000000002","-11.161322, -0.59582"
01B,1,"13.388582, 13.532746","-4.924427, -6.255816"
01C,1,"13.717698, 13.56887","3.537903, 3.658967"
01D,1,"13.165831, 13.165831","-5.53901, -5.53901"
01E,2,"13.828564000000002, 13.683986, 13.683986, 13.677909","21.264105, 22.495768, 22.495768, 19.955719"
01F,1,"13.534114, 13.306763","-18.72888, -18.311196"
01G,1,"13.61346, 13.315359","-26.495198, -23.171512"
01H,9,"13.977987, 14.591786, 14.591786, 14.111395000000002, 14.111395000000002, 13.824091, 13.824091, 13.343296, 13.343296, 13.200901000000002, 13.200901000000002, 13.109743, 13.109743, 13.185804999999998, 13.185804999999998, 13.232698, 13.232698, 13.189789","-44.803584, -42.157824, -42.157824, -36.369954, -36.369954, -34.450776, -34.450776, -36.71229500000001, -36.71229500000001, -37.803022, -37.803022, -41.588443, -41.588443, -42.232891, -42.232891, -43.139107, -43.139107, -43.36855300000001"
01I,3,"13.825078, 13.826943, 13.971186, 14.10077, 14.10077, 13.825078","-41.68770900000001, -42.473732, -42.10075300000001, -41.179633, -41.179633, -41.68770900000001"
01J,1,"13.11518, 13.664796","-49.906246, -53.466394"
01K,2,"14.698823, 14.631454000000002, 14.631454000000002, 14.505823","-47.3882, -49.425828, -49.425828, -49.519018"
01L,2,"14.435619, 14.345159, 14.345159, 14.323396","-45.221424, -45.18706, -45.18706, -46.058093"
01M,2,"14.028748, 13.925667, 13.925667, 13.863117","-45.603421, -47.288375, -47.288375, -46.898666"
01N,2,"14.383956, 14.342623, 14.342623, 14.021962","-39.511819, -37.885295, -37.885295, -40.221943"
01O,2,"13.517404999999998, 13.435482999999998, 13.435482999999998, 13.448922","-39.407307, -39.755107, -39.755107, -41.497562"
02A,3,"14.214929, 14.266908, 14.266908, 14.470038, 14.214929, 14.318498000000002","-10.273702, -6.000547, -6.000547, -2.227957, -10.273702, -13.371095"
02B,1,"14.261029999999998, 14.261029999999998","19.18241, 19.18241"
02C,6,"14.580758, 14.424970000000002, 14.424970000000002, 14.310626999999998, 14.310626999999998, 14.256691, 14.256691, 14.18069, 14.18069, 14.074160999999998, 14.074160999999998, 13.741618","-20.439381, -19.969985, -19.969985, -18.715968, -18.715968, -18.20069, -18.20069, -16.30203, -16.30203, -14.971708, -14.971708, -16.179072"
02D,2,"14.754017, 14.678768, 14.678768, 14.68582","16.96428, 16.418324, 16.418324, 13.7283"
02E,2,"13.911411, 13.78771, 13.78771, 13.824623","18.397717, 17.456906, 17.456906, 15.797904999999998"
02F,1,"14.413507999999998, 14.384942","-24.80631, -27.754017"
02G,1,"14.212785, 14.106193","-27.261186, -26.682361"
03A,3,"14.847976999999998, 15.203692000000002, 15.203692000000002, 15.592104999999998, 15.592104999999998, 15.283449","-16.041778, -19.79171, -19.79171, -14.789537, -14.789537, -9.382917"
03B,1,"15.827001999999998, 15.827001999999998","-3.4302080000000004, -3.4302080000000004"
03C,1,"14.29995, 14.29995","35.509505, 35.509505"
03D,2,"14.749784, 14.578, 14.578, 14.5305","27.074222, 29.74513, 29.74513, 30.371437"
03E,2,"14.856493, 14.542374, 14.542374, 14.440935","19.10046, 22.260059, 22.260059, 19.2269"
03F,6,"14.329233, 14.291237, 14.291237, 14.243224, 14.243224, 14.234773, 14.234773, 14.247457999999998, 14.247457999999998, 14.321188, 14.321188, 14.329233","16.306948000000002, 15.263379999999998, 15.263379999999998, 13.975451, 13.975451, 12.959444, 12.959444, 10.10061, 10.10061, 13.004299, 13.004299, 16.306948000000002"
03G,2,"15.067839, 14.957765, 14.957765, 14.905592","-25.281965, -21.415475, -21.415475, -24.642202"
03H,2,"15.20476, 15.123874, 15.123874, 14.783694","-52.099247, -49.088612, -49.088612, -52.383518"
03I,1,"15.617070000000002, 15.67136","-28.135079, -23.818078"
03J,1,"15.198918, 15.198918","-48.737819, -48.737819"
03K,2,"15.032801, 14.910532, 14.910532, 14.727624","-34.358875, -33.300575, -33.300575, -35.173655"
03L,2,"15.2437, 15.297178, 15.297178, 15.109222","-31.519121, -30.148673, -30.148673, -30.918483"
03M,2,"14.880855, 14.810569, 14.810569, 14.699332","-37.80316, -36.634697, -36.634697, -37.793498"
03N,2,"15.36344, 15.385931, 15.385931, 15.455037","-36.261376, -36.858489, -36.858489, -36.76756"
03O,2,"15.422285, 15.356201, 15.356201, 15.585681","-38.73362, -40.647518, -40.647518, -41.166757"
03P,2,"14.986025, 14.975537, 14.975537, 14.860641","-42.104194, -43.13396, -43.13396, -43.57535900000001"
03Q,2,"15.378021, 15.147394, 15.147394, 15.085303","-44.689622, -45.279857, -45.279857, -47.051245"
03R,2,"15.490075, 15.308897, 15.308897, 15.368975","-46.732704, -47.875272, -47.875272, -47.927792"
03S,2,"15.634232, 15.686505, 15.686505, 15.598126","-42.567348, -44.661205, -44.661205, -44.958389"
04A,4,"16.09062, 16.005557, 16.005557, 15.980865, 15.980865, 15.948077, 16.113452, 16.09062","-19.805453, -22.62171, -22.62171, -26.114105, -26.114105, -29.214073, -20.669192, -19.805453"
04B,1,"16.113452, 16.123424","-20.669192, -20.868764"
04C,1,"16.199926, 16.199926","-19.460708, -19.460708"
04D,2,"16.401718, 16.450398999999994, 16.450398999999994, 16.518991","-20.037327, -18.456251, -18.456251, -16.612733"
04E,3,"16.692884, 16.535611, 16.535611, 16.426422, 16.426422, 16.503466","-17.742167000000006, -21.46639, -21.46639, -23.447178, -23.447178, -25.115224"
04F,3,"15.969825, 15.969825, 15.897093, 15.897093, 15.734556","-14.279357999999998, -14.279357999999998, -16.729293, -16.729293, -15.672834"
04G,1,"15.893532999999998, 15.893532999999998","-25.327142, -25.327142"
04H,1,"16.109873999999998, 15.849316","-36.802288, -33.627165000000005"
05A,2,"16.353143, 16.490128, 16.490128, 16.598043","-25.592796, -26.432002, -26.432002, -28.216016"
05B,12,"16.400354999999998, 16.606242, 16.400354999999998, 16.523037, 16.188256, 16.002036, 16.188256, 15.991743, 16.374741, 16.254257, 16.374741, 16.453067, 16.528269, 16.606268, 16.528269, 16.745165, 16.400354999999998, 16.188256, 16.188256, 16.374741, 16.374741, 16.528269, 16.528269, 16.400354999999998","-39.19298, -35.25532600000001, -39.19298, -34.704366, -41.11980300000001, -38.396706, -41.11980300000001, -41.744436, -43.912051, -47.372021, -43.912051, -47.554786, -41.817145, -42.858861, -41.817145, -40.839675, -39.19298, -41.11980300000001, -41.11980300000001, -43.912051, -43.912051, -41.817145, -41.817145, -39.19298"
06A,9,"16.83608, 16.864508999999998, 16.864508999999998, 16.899924, 16.899924, 17.202551999999994, 17.202551999999994, 17.621979999999994, 17.621979999999994, 17.793078, 17.793078, 17.708132, 17.708132, 17.560145000000002, 17.708132, 17.512732, 16.864508999999998, 16.872263","-34.293232, -38.04738, -38.04738, -42.362025, -42.362025, -43.239189, -43.239189, -42.997824, -42.997824, -40.126997, -40.126997, -39.029983, -39.029983, -37.103821, -39.029983, -37.295811, -38.04738, -38.017536"
06B,1,"16.872263, 16.872263","-38.017536, -38.017536"
06C,4,"17.317655, 17.594332, 17.594332, 17.673276, 17.673276, 17.530695, 17.530695, 17.194077","-46.636235, -46.505684, -46.505684, -49.415587, -49.415587, -49.876145, -49.876145, -48.873399"
06D,3,"17.523598, 17.439504, 17.439504, 17.366827, 17.366827, 17.255836","-23.962643, -24.175309, -24.175309, -24.999545, -24.999545, -26.602829"
06E,1,"17.830965, 17.830965","-37.043304, -37.043304"
06F,1,"17.898548, 17.898548","-34.752721, -34.752721"
07A,3,"18.096803, 18.3499, 18.3499, 18.402868, 18.402868, 18.293793","-30.424091, -29.828103, -29.828103, -34.384615999999994, -34.384615999999994, -36.761686"
07B,2,"18.532284, 18.449561, 18.449561, 18.480505","-43.507383, -45.968459, -45.968459, -49.070588"
07C,1,"18.080662, 18.080662","-35.901442, -35.901442"
08A,5,"18.229392, 18.466179, 18.466179, 18.76094, 18.76094, 18.92109, 18.92109, 19.11567, 19.11567, 19.043532","-21.058834, -25.4217, -25.4217, -26.990778, -26.990778, -26.296721999999995, -26.296721999999995, -27.670423, -27.670423, -29.880105"
08B,5,"18.962167, 19.07805, 19.07805, 19.162731, 19.162731, 19.293911, 19.293911, 19.361211, 19.361211, 19.362117","-21.106654, -21.741496, -21.741496, -21.023615, -21.023615, -18.952908, -18.952908, -17.847197, -17.847197, -15.955018"
08C,8,"19.058959, 19.164332, 19.164332, 19.10415, 19.10415, 19.048472, 19.048472, 19.028008, 19.028008, 18.951019, 18.951019, 18.849586, 18.849586, 18.704563, 18.704563, 18.586785","1.818768, -0.4281140000000001, -0.4281140000000001, -4.882554, -4.882554, -3.698987, -3.698987, -5.739115, -5.739115, -5.846314, -5.846314, -9.774096, -9.774096, -9.052549, -9.052549, -8.244073"
08D,14,"19.157869, 19.106971, 19.106971, 18.978721, 18.978721, 18.944582, 18.944582, 18.729706, 18.729706, 18.556426, 18.556426, 18.539257, 18.539257, 18.558383, 18.558383, 18.659768, 18.659768, 18.814024, 18.814024, 18.938044, 18.938044, 19.051907, 19.051907, 19.139156, 19.139156, 19.167154, 19.167154, 19.157869","-37.904474, -37.063437, -37.063437, -37.107357, -37.107357, -37.343241, -37.343241, -38.323441, -38.323441, -38.725985, -38.725985, -39.704001, -39.704001, -42.31251, -42.31251, -43.185878, -43.185878, -43.680047, -43.680047, -42.710676, -42.710676, -42.095105, -42.095105, -40.496703, -40.496703, -39.34079600000001, -39.34079600000001, -37.904474"
08E,1,"19.708648, 19.870001","-16.123995999999998, -19.044991"
08F,8,"17.977514000000006, 17.944955, 17.944955, 17.915012, 17.915012, 17.996543, 17.996543, 18.19537, 18.19537, 18.358713, 18.358713, 18.300886, 18.300886, 18.134716, 18.134716, 17.977514000000006","-28.759089000000003, -28.065394, -28.065394, -24.887095, -24.887095, -23.816133, -23.816133, -23.701235, -23.701235, -24.915276, -24.915276, -27.042641, -27.042641, -28.457093, -28.457093, -28.759089000000003"
08G,1,"19.611786, 19.421247","-24.883623, -24.508575"
08H,4,"19.930651, 19.982555, 19.982555, 20.044299, 20.044299, 19.94912, 19.94912, 19.930651","-26.299506, -26.195767, -26.195767, -27.709845, -27.709845, -27.169899, -27.169899, -26.299506"
08I,10,"19.727116, 19.569024, 19.569024, 19.489951, 19.489951, 19.661606, 19.661606, 19.921026, 19.921026, 19.864056, 19.864056, 19.727116, 19.995605, 19.864056, 19.327776, 19.569024, 19.489951, 19.377303, 20.013424, 19.921026","-37.53876500000001, -40.034638, -40.034638, -43.445195, -43.445195, -45.27855, -45.27855, -41.868288, -41.868288, -39.874367, -39.874367, -37.53876500000001, -35.276305, -39.874367, -35.421452, -40.034638, -43.445195, -44.458965, -45.112918, -41.868288"
08J,1,"18.518012, 18.518012","-32.989114, -32.989114"
09A,6,"20.350187, 20.455336, 20.455336, 20.498307, 20.498307, 20.481004, 20.481004, 20.350187, 20.350187, 20.344393, 20.350187, 20.300904","-14.781367, -18.211721, -18.211721, -18.583178, -18.583178, -17.813686999999994, -17.813686999999994, -14.781367, -14.781367, -12.75908, -14.781367, -12.544852"
09B,8,"20.323223, 20.300388, 20.300388, 20.254806, 20.492039, 20.547877, 20.547877, 20.424119, 20.669925, 20.690073, 20.690073, 20.689902, 20.690073, 20.547877, 20.547877, 20.300388","-19.118533, -21.80996, -21.80996, -27.032977, -22.391567, -24.943829, -24.943829, -28.663269, -23.773867000000006, -25.999911, -25.999911, -31.598289, -25.999911, -24.943829, -24.943829, -21.80996"
09C,8,"20.626116, 20.824709, 20.824709, 20.565297, 20.824709, 21.405786, 21.405786, 21.335968, 21.405786, 21.354611, 21.405786, 21.804363, 21.556534, 21.804363, 21.804363, 21.755198","-47.291502, -46.226826, -46.226826, -44.516048, -46.226826, -46.614706, -46.614706, -45.021893, -46.614706, -49.938248, -46.614706, -47.303615, -44.8487, -47.303615, -47.303615, -49.498761"
09D,2,"19.921887, 19.846388, 19.846388, 19.770994","6.406763, 8.868322000000003, 8.868322000000003, 10.613261"
09E,2,"18.738984, 18.61564, 18.61564, 18.746209","39.670123, 38.783692, 38.783692, 37.60511500000001"
09F,8,"20.058338, 19.962624, 19.962624, 19.789795, 19.789795, 19.979285, 19.979285, 20.08597, 20.08597, 20.165735, 20.165735, 20.339279, 20.339279, 20.237949, 20.237949, 20.333386","16.031254999999998, 16.789163000000002, 16.789163000000002, 18.534286, 18.534286, 19.492148, 19.492148, 19.991071, 19.991071, 20.915028, 20.915028, 17.792928, 17.792928, 15.197609, 15.197609, 13.548091"
09G,8,"19.653234, 19.761096, 19.761096, 19.568153, 19.568153, 19.275287, 19.275287, 19.424972, 19.424972, 19.612022, 19.612022, 19.511066, 19.511066, 19.342473, 19.342473, 19.614847","5.397773, 7.613158, 7.613158, 7.378941, 7.378941, 4.834795, 4.834795, 3.114775, 3.114775, -1.286601, -1.286601, -2.788887, -2.788887, -5.4157660000000005, -5.4157660000000005, -7.027477"
09H,3,"20.328685, 20.188413, 20.188413, 20.073098, 20.073098, 19.874547","-1.078514, -0.8214610000000001, -0.8214610000000001, -0.709309, -0.709309, 1.005661"
09I,2,"20.654533, 20.6757, 20.6757, 20.667485","-14.95476, -16.12418, -16.12418, -18.138659"
09J,3,"18.908412, 18.834665, 18.834665, 18.982395, 18.982395, 19.121703","36.898613, 33.362667, 33.362667, 32.689557, 32.689557, 36.100157"
09K,4,"18.922249, 19.229302, 19.229302, 19.272804, 19.272804, 19.435868, 19.435868, 19.529534","43.946088, 39.145968, 39.145968, 38.133731, 38.133731, 36.31789600000001, 36.31789600000001, 34.452968"
10A,3,"20.794598, 20.877565, 20.877565, 20.869082, 20.869082, 20.795621","-9.495776, -8.983317999999997, -8.983317999999997, -5.507059, -5.507059, -5.027701"
10B,3,"20.61212, 20.638967, 20.638967, 20.494167, 20.494167, 20.473585","-2.549957, -1.105121, -1.105121, -2.8855310000000003, -2.8855310000000003, -3.357794"
10C,5,"20.565845, 20.645552, 20.645552, 20.630311, 20.630311, 20.553547, 20.553547, 20.565845, 20.565845, 20.588482","13.027255, 13.315125, 13.315125, 11.377676, 11.377676, 11.303263, 11.303263, 13.027255, 13.027255, 14.674213"
10D,5,"20.77764, 20.660635, 20.660635, 20.625816, 20.625816, 20.687836, 20.687836, 20.724315, 20.724315, 20.77764","16.124295999999998, 15.912072, 15.912072, 14.595087, 14.595087, 14.58288, 14.58288, 15.074581, 15.074581, 16.124295999999998"
10E,9,"21.215607, 21.298632, 21.298632, 21.246517, 21.246517, 20.952893, 20.952893, 20.690532, 20.690532, 20.22168, 20.22168, 19.749574, 19.749574, 20.370473, 20.370473, 20.770178, 20.770178, 21.215607","30.226916, 34.896898, 34.896898, 38.045317, 38.045317, 41.167136, 41.167136, 45.280338, 45.280338, 46.815675, 46.815675, 45.13081, 45.13081, 40.256679, 40.256679, 33.970256, 33.970256, 30.226916"
10F,3,"19.28504, 19.495098, 19.495098, 19.644769, 19.644769, 19.843813","53.368459, 51.729779, 51.729779, 54.97379300000001, 54.97379300000001, 52.988001"
10G,6,"18.859712, 18.710543, 18.710543, 18.542923, 18.542923, 18.398507, 18.398507, 18.244724, 18.244724, 18.175443, 18.175443, 18.114854","52.975117, 55.53945699999999, 55.53945699999999, 57.045599, 57.045599, 58.800736, 58.800736, 56.588238, 56.588238, 54.286552, 54.286552, 50.822823"
10H,1,"20.863692, 20.76826","-26.919133, -25.270898000000006"
10I,1,"20.672174, 20.672174","-33.431843, -33.431843"
10J,1,"20.913283, 20.769441","-17.922894, -21.514032"
10K,1,"20.8328, 20.8328","-33.779722, -33.779722"
10L,1,"21.021517000000006, 21.021517000000006","-32.257767, -32.257767"
10M,1,"21.029244, 21.029244","-26.880993, -26.880993"
10N,1,"21.099118, 21.073417000000006","-17.232861, -19.854991"
10O,1,"21.106855, 21.106855","-32.341618, -32.341618"
10P,1,"21.118797, 21.118797","-25.005853, -25.005853"
10Q,1,"21.260528, 21.370776","-20.651696, -16.834542000000006"
10R,1,"21.298966, 21.298966","-32.172539, -32.172539"
10S,1,"21.221479, 21.221479","-27.619333, -27.619333"
11A,1,"21.525982, 21.263731","-5.571172, 5.247845"
11B,1,"21.787212, 21.65924","2.686124, 2.243558"
11C,1,"21.704292, 21.642205","5.680137, 5.771742"
11D,1,"21.241337, 21.172361","10.006981, 10.131579"
11E,1,"21.74186, 21.835749","17.350017, 17.285851"
11F,1,"21.478721, 21.444452","-21.80718, -22.411332"
11G,1,"22.336643, 22.280565","-7.8211020000000016, -7.783289999999999"
11H,13,"21.898808, 21.939659, 21.939659, 22.016415, 22.016415, 22.140537, 22.140537, 22.139722, 22.139722, 22.169093, 22.169093, 22.073288, 22.073288, 22.013951, 22.013951, 21.652812, 21.652812, 21.581389, 21.581389, 21.613553, 21.613553, 21.651697, 21.651697, 21.674252, 21.674252, 21.898808","-37.364852, -37.253655, -37.253655, -36.556316, -36.556316, -34.043841, -34.043841, -32.988468, -32.988468, -32.548407, -32.548407, -29.91653, -29.91653, -28.453736, -28.453736, -27.306572, -27.306572, -29.696117, -29.696117, -33.047896, -33.047896, -33.678856, -33.678856, -34.534824, -34.534824, -37.364852"
11I,3,"22.274045, 22.137209, 22.137209, 22.711115, 22.711115, 22.724993","-41.627225, -46.960975, -46.960975, -46.884577, -46.884577, -41.414347"
11J,2,"21.537381, 21.484372, 21.484372, 21.363639000000006","-33.944623, -31.238559, -31.238559, -29.166071"
12A,3,"22.096399, 22.169996, 22.169996, 21.736433, 22.169996, 22.421284","-0.319851, 6.197865, 6.197865, 9.875011, 6.197865, 1.377401"
12B,3,"22.480531, 22.360938, 22.480531, 22.589272, 22.480531, 22.421284","-0.019972, -1.387331, -0.019972, -0.117498, -0.019972, 1.377401"
12C,4,"21.830748, 21.874978, 21.830748, 21.73571, 21.830748, 21.88438, 21.830748, 21.744092","30.174215000000004, 28.793538, 30.174215000000004, 28.742632, 30.174215000000004, 25.92514, 30.174215000000004, 25.645036"
12D,2,"22.355372, 22.092964, 22.092964, 22.116847","28.330529, 28.963981, 28.963981, 25.345112"
12E,2,"22.26616, 22.213284, 22.213284, 22.166457","37.748737, 34.604592, 34.604592, 33.178224"
12F,7,"22.675233, 22.508128, 22.508128, 22.245656, 22.245656, 21.851383, 21.851383, 21.723791, 21.723791, 21.579596, 21.579596, 21.615827, 21.615827, 21.851383","44.276305, 43.123376, 43.123376, 42.95391, 42.95391, 39.536658, 39.536658, 38.283589, 38.283589, 38.534054, 38.534054, 40.413521, 40.413521, 39.536658"
12G,8,"23.65582, 23.131623, 23.131623, 22.596077, 22.596077, 22.163441, 22.163441, 21.698652, 21.698652, 21.477662, 21.477662, 20.742518, 20.742518, 20.334998, 20.334998, 20.5002","77.632276, 75.387496, 75.387496, 73.643188, 73.643188, 72.341207, 72.341207, 71.311417, 71.311417, 70.560716, 70.560716, 69.751813, 69.751813, 68.880317, 68.880317, 72.53170300000002"
12H,4,"22.486183, 23.001417, 23.001417, 22.64386, 22.180908, 23.001417, 23.001417, 22.250544","58.415198, 56.945374, 56.945374, 56.795632, 58.201261, 56.945374, 56.945374, 57.043587"
12I,3,"22.629273, 22.521753, 22.521753, 22.392264, 22.392264, 22.285139","-4.228056, -6.555151, -6.555151, -7.194421000000001, -7.194421000000001, -5.387164"
12J,10,"22.35988, 22.436306, 22.436306, 22.391901, 22.391901, 22.277073, 22.277073, 22.229008, 22.229008, 22.158044, 22.158044, 22.120864, 22.120864, 22.183993, 22.183993, 22.238342000000006, 22.238342000000006, 22.309489000000006, 22.309489000000006, 22.35988","-21.59823, -23.682447, -23.682447, -24.762661, -24.762661, -25.898162, -25.898162, -25.180905, -25.180905, -23.659109, -23.659109, -22.240668, -22.240668, -21.23279, -21.23279, -21.074566, -21.074566, -20.740014, -20.740014, -21.59823"
12K,1,"22.079839, 22.055234","-0.906343, -2.155363"
130,2,"23.157443, 23.165249, 23.165249, 23.111345","-21.17241, -22.457611, -22.457611, -23.743115"
13A,4,"23.079348, 23.062901, 23.062901, 23.343956, 23.062901, 22.833385, 23.062901, 22.695947","15.205264, 28.082789, 28.082789, 23.740337, 28.082789, 24.601579, 28.082789, 29.307641"
13B,1,"22.695947, 22.716704","29.307641, 30.221245"
13C,1,"22.833385, 22.775521","24.601579, 23.565654"
13D,1,"23.343956, 23.422993","23.740337, 23.404101"
13E,5,"23.722878, 23.485915, 23.485915, 23.167072, 23.167072, 23.116739000000006, 23.116739000000006, 22.986615, 22.986615, 22.873353","10.331536, 12.760554, 12.760554, 9.822082, 9.822082, 9.409492, 9.409492, 11.728844, 11.728844, 9.835664"
13F,1,"22.778216, 22.691033","12.172888, 10.831364"
13G,13,"23.977883, 0.032672, 0.032672, 0.088928, 0.088928, 0.030402, 0.030402, 23.977883, 23.977883, 23.238711, 23.238711, 22.87691, 22.87691, 22.510782, 22.510782, 22.107286, 22.107286, 21.784011, 21.784011, 21.668181, 21.668181, 21.618008, 21.618008, 21.710973000000006, 21.710973000000006, 21.784011","-3.5559830000000003, -6.0140720000000005, -6.0140720000000005, -5.707618, -5.707618, -3.027504, -3.027504, -3.5559830000000003, -3.5559830000000003, -6.049003, -6.049003, -7.579599000000001, -7.579599000000001, -10.67795, -10.67795, -13.869679, -13.869679, -16.127285999999998, -16.127285999999998, -16.662308, -16.662308, -19.466011, -19.466011, -18.866323, -18.866323, -16.127285999999998"
13H,2,"23.549512, 23.466858, 23.466858, 23.313733","-37.818268, -35.54448499999999, -35.54448499999999, -32.532027"
13I,1,"22.960838, 22.960838","-29.622236, -29.622236"
13J,1,"22.52509, 22.52509","-32.346073, -32.346073"
13K,21,"23.500536, 23.784284, 23.784284, 23.906398, 23.906398, 23.783866, 23.783866, 23.278405, 23.278405, 23.119459, 23.119459, 22.986209, 22.986209, 22.836137, 22.836137, 22.521515, 22.521515, 22.940555, 22.940555, 23.069702, 23.069702, 23.20916, 23.20916, 23.295732, 23.295732, 23.324945, 23.324945, 23.626056, 23.626056, 23.673469, 23.673469, 23.63561, 22.521515, 22.622899, 22.521515, 22.392675, 22.521515, 22.186069, 22.521515, 22.408609, 22.521515, 22.492173","58.54892, 58.651989, 58.651989, 57.499382, 57.499382, 57.451359, 57.451359, 53.213476, 53.213476, 52.816601, 52.816601, 52.65453, 52.65453, 50.676917, 50.676917, 50.282491, 50.282491, 49.733544, 49.733544, 50.052091, 50.052091, 49.406207, 49.406207, 49.0153, 49.0153, 48.625322, 48.625322, 46.458152, 46.458152, 44.333932, 44.333932, 43.268073, 50.282491, 51.545123, 50.282491, 52.229046, 50.282491, 50.823393, 50.282491, 49.476392, 50.282491, 47.706887"
13L,8,"0.7491869999999999, 0.736683, 0.736683, 0.474027, 0.474027, 0.02823, 0.02823, 0.195552, 1.075717, 0.56217, 0.56217, 0.474027, 0.474027, 0.4380560000000001, 0.4380560000000001, 0.19891","-42.676558, -38.421686, -38.421686, -39.915002, -39.915002, -40.148702, -40.148702, -35.133119, -33.532845, -35.002078000000004, -35.002078000000004, -39.915002, -39.915002, -42.305981, -42.305981, -42.172144"
13M,2,"0.241008, 0.323799, 0.323799, 0.075033","-7.780532000000001, -8.823921, -8.823921, -10.509523"
13N,2,"23.837425, 23.787754, 23.787754, 23.842579","-9.974136, -11.911126, -11.911126, -14.40149"
13O,2,"23.707729, 23.712039, 23.712039, 23.663074","-15.448033, -14.544904999999998, -14.544904999999998, -14.222178"
13P,2,"23.855927, 23.766922, 23.766922, 23.696057","-18.909163, -18.67834, -18.67834, -17.816533"
13Q,2,"23.554618, 23.434108, 23.434108, 23.382842","-20.914504, -20.642014, -20.642014, -20.10058"
13R,2,"23.298393, 23.280817000000006, 23.280817000000006, 23.264859","-9.182513, -7.7265039999999985, -7.7265039999999985, -9.087737"
13S,2,"23.086904, 22.910837, 22.910837, 22.901568","-17.07925, -15.82082, -15.82082, -19.175149"
13T,2,"22.993243, 22.891307, 22.891307, 22.826528","-13.070895, -11.616514, -11.616514, -13.592632"
13U,2,"22.726454, 22.792535, 22.792535, 22.57823","-18.830375, -19.613375, -19.613375, -20.708216"
13V,2,"22.593437, 22.514936, 22.514936, 22.677594","-23.991094, -26.073752, -26.073752, -27.043617"
13W,2,"22.59689, 22.504819, 22.504819, 22.442853","-17.460424, -14.585734, -14.585734, -16.742138"
13X,2,"21.836939, 22.036625, 22.036625, 21.861595","-16.844914000000006, -17.903474, -17.903474, -18.62294"
13Y,2,"22.207155, 22.280012, 22.280012, 22.407517","-14.193957, -12.831436, -12.831436, -13.529369"
13Z,2,"23.627655, 23.318518, 23.318518, 23.468109","-13.060243, -13.458552, -13.458552, -11.449752"
14A,1,"0.220598, 0.139791","15.183596, 29.090432"
14B,4,"23.988525, 23.665844, 23.665844, 23.466138, 23.466138, 23.286094, 23.286094, 23.064615","6.863321000000001, 5.6262919999999985, 5.6262919999999985, 6.378992, 6.378992, 3.282289, 3.282289, 3.820045"
14C,3,"23.912951, 23.700779, 23.700779, 23.448876, 23.448876, 23.569171","0.109309, 1.780041, 1.780041, 1.255608, 1.255608, -1.247567"
14D,10,"0.7010810000000001, 0.74542, 0.74542, 0.7406119999999999, 0.7406119999999999, 0.7244659999999999, 0.7244659999999999, 0.612903, 0.612903, 0.470454, 0.470454, 0.172012, 0.172012, 0.199741, 0.199741, 0.295295, 0.295295, 0.404348, 0.404348, 0.7010810000000001","50.512526, 48.284364, 48.284364, 47.863984, 47.863984, 47.024546, 47.024546, 44.488587, 44.488587, 44.394452, 44.394452, 46.072272, 46.072272, 48.152396, 48.152396, 51.43309, 51.43309, 52.019914, 52.019914, 50.512526"
14E,4,"1.391933, 0.976766, 0.976766, 1.040674, 0.976766, 0.561401, 0.561401, 0.4654720000000001","-30.945617, -29.357449, -29.357449, -31.552005, -29.357449, -29.558278, -29.558278, -33.007166999999995"
14F,1,"0.304791, 0.167278","11.206214, 11.145813"
15A,16,"0.830234, 0.945885, 0.945885, 1.162194, 1.162194, 1.271922, 1.271922, 1.1852129999999998, 1.1852129999999998, 1.194342, 1.194342, 1.324443, 1.324443, 1.229152, 1.229152, 1.190894, 1.190894, 0.953445, 0.953445, 0.788981, 0.788981, 0.642602, 0.642602, 0.655462, 0.655462, 0.61468, 0.61468, 0.6225609999999999, 0.6225609999999999, 0.68533, 0.68533, 0.830234","41.078911, 38.499345, 38.499345, 35.620558, 35.620558, 33.11472, 33.11472, 31.424736, 31.424736, 30.089638, 30.089638, 27.264059000000003, 27.264059000000003, 24.583713, 24.583713, 21.03465, 21.03465, 23.417648, 23.417648, 24.267178, 24.267178, 29.311751, 29.311751, 30.861024, 30.861024, 33.719344, 33.719344, 35.399501, 35.399501, 39.458664, 39.458664, 41.078911"
15B,6,"2.034117, 1.892597, 1.892597, 1.6905259999999998, 1.6905259999999998, 1.503087, 1.503087, 1.228857, 1.228857, 1.049058, 1.049058, 0.811373","2.763759, 3.187536, 3.187536, 5.487613, 5.487613, 6.14382, 6.14382, 7.575353999999999, 7.575353999999999, 7.890135000000001, 7.890135000000001, 7.585078999999999"
15C,7,"0.8834709999999999, 1.050705, 1.050705, 1.276747, 1.276747, 1.330082, 1.330082, 1.2966540000000002, 1.2966540000000002, 1.1395, 1.1395, 0.85509, 0.85509, 0.8834709999999999","-1.14426, -4.836601, -4.836601, -2.500368, -2.500368, -0.509029, -0.509029, 3.614466, 3.614466, 5.649819, 5.649819, 3.38502, 3.38502, -1.14426"
15D,1,"0.72649, 0.72649","-17.986604999999994, -17.986604999999994"
15E,1,"1.884696, 1.884696","29.578829, 29.578829"
15F,5,"1.158368, 1.185017, 1.185017, 1.565528, 1.565528, 1.7221509999999998, 1.7221509999999998, 1.906584, 1.906584, 1.993892, 1.993892","47.241792, 55.149901, 55.149901, 59.23204000000001, 59.23204000000001, 60.551332, 60.551332, 63.670101, 63.670101, 64.621602, 64.621602"
15G,1,"1.430216, 1.430216","60.235283, 60.235283"
15H,7,"0.945143, 0.81826, 0.81826, 0.6751159999999999, 0.6751159999999999, 0.616188, 0.152887, 0.945143, 0.152887, 0.81826, 0.152887, 0.6751159999999999, 0.152887, 0.616188","60.71674, 57.815187, 57.815187, 56.53733100000001, 56.53733100000001, 53.896909, 59.14978000000001, 60.71674, 59.14978000000001, 57.815187, 59.14978000000001, 56.53733100000001, 59.14978000000001, 53.896909"
15I,1,"0.5499970000000001, 0.5499970000000001","62.931783, 62.931783"
16A,2,"2.119555, 1.910668, 1.910668, 1.89217","23.462423, 20.808035, 20.808035, 19.293852"
16B,5,"2.316097, 2.302094, 2.302094, 2.177109, 2.177109, 2.213355, 2.213355, 2.316097, 2.316097, 2.508986","23.167815, 19.901164, 19.901164, 19.500338, 19.500338, 21.210993, 21.210993, 23.167815, 23.167815, 25.235036"
16C,5,"1.7082700000000002, 1.580296, 1.580296, 1.498017, 1.498017, 1.524725, 1.524725, 1.6613380000000002, 1.6613380000000002, 1.580296","20.268504, 18.460512, 18.460512, 18.355669, 18.355669, 15.345823, 15.345823, 16.405858, 16.405858, 18.460512"
16D,5,"2.000084, 1.734479, 1.734479, 1.857676, 1.857676, 1.40039, 1.40039, 1.1431639999999998, 1.1431639999999998, 0.7365","-21.077831, -15.93748, -15.93748, -10.335038, -10.335038, -8.183257000000001, -8.183257000000001, -10.182264, -10.182264, -10.60955"
16E,2,"2.21513, 2.074844, 2.074844, 2.020759","-30.723825, -29.296819, -29.296819, -30.00183"
16F,11,"1.727675, 1.633205, 1.633205, 1.655835, 1.655835, 1.613299, 1.613299, 1.676337, 1.676337, 1.810808, 1.810808, 1.935927, 1.935927, 2.1590580000000004, 2.1590580000000004, 2.206191, 2.206191, 2.315831, 2.315831, 2.064984, 2.064984, 1.727675","50.688732, 48.628213, 48.628213, 44.38616500000001, 44.38616500000001, 41.405459, 41.405459, 40.577049, 40.577049, 37.95287, 37.95287, 37.25183, 37.25183, 34.987297, 34.987297, 30.303067, 30.303067, 28.642674, 28.642674, 42.329725, 42.329725, 50.688732"
17A,2,"2.724198, 2.79848, 2.79848, 2.833063","27.707146, 29.247118, 29.247118, 27.260507"
17B,13,"2.749039, 2.469317, 2.469317, 2.2166650000000003, 2.2166650000000003, 2.413627, 2.413627, 2.749039, 2.749039, 2.99525, 2.99525, 3.037992, 3.037992, 2.597909, 2.597909, 2.721678, 2.721678, 2.658044, 2.658044, 2.687222, 2.687222, 2.53595, 2.53595, 2.37011, 2.37011, 2.322442","10.114146, 8.460054, 8.460054, 8.846717, 8.846717, 10.610565, 10.610565, 10.114146, 10.114146, 8.907364999999997, 8.907364999999997, 4.089734, 4.089734, 5.593246, 5.593246, 3.235818, 3.235818, 0.328511, 0.328511, -0.695653, -0.695653, -1.0348959999999998, -1.0348959999999998, -0.8848520000000001, -0.8848520000000001, -2.977643"
17C,3,"3.514549, 3.506797, 3.506797, 3.45282, 3.45282, 3.413554","12.936678, 11.336442, 11.336442, 9.73268, 9.73268, 9.02887"
17D,7,"2.717451, 2.9042950000000003, 2.9042950000000003, 3.151005, 3.151005, 3.158258, 3.158258, 3.136148, 3.136148, 3.0862700000000003, 3.0862700000000003, 2.843063, 2.843063, 2.704144","55.106019, 52.762479000000006, 52.762479000000006, 49.613278, 49.613278, 44.857544, 44.857544, 40.955648, 40.955648, 38.840274, 38.840274, 38.318644, 38.318644, 40.193944"
17E,8,"2.844945, 3.079942, 3.079942, 3.405378, 3.405378, 3.608159, 3.608159, 3.715416, 3.715416, 4.144357, 4.144357, 4.248295, 4.248295, 4.304056, 4.304056, 4.109735","55.895496, 53.50644000000001, 53.50644000000001, 49.86118, 49.86118, 48.19263400000001, 48.19263400000001, 47.787551, 47.787551, 47.712513, 47.712513, 48.409331, 48.409331, 50.295502, 50.295502, 50.351262"
17F,1,"2.979352, 2.979352","39.662728, 39.662728"
17G,1,"3.94347, 3.94347","50.695381, 50.695381"
18A,6,"3.746726, 3.75347, 3.75347, 3.747927, 3.747927, 3.763779, 3.763779, 3.772104, 3.772104, 3.79141, 3.79141, 3.819373","24.28947, 24.467278, 24.467278, 24.113339, 24.113339, 24.367748, 24.367748, 23.948358, 23.948358, 24.105137, 24.105137, 24.053415"
18B,1,"3.36997, 3.36997","27.607553000000006, 27.607553000000006"
18C,1,"4.078253, 4.078253","22.081926, 22.081926"
18D,4,"3.379234, 3.407255, 3.379234, 3.353784, 3.379234, 3.24836, 3.379234, 3.193822","20.742069, 20.803489000000006, 20.742069, 21.147086, 20.742069, 21.044441, 20.742069, 19.726677"
18E,5,"3.753232, 3.96423, 3.96423, 3.98275, 3.98275, 3.9022, 3.9022, 3.738648, 3.738648, 3.706291","42.578549, 40.010215, 40.010215, 35.791033, 35.791033, 31.883635, 31.883635, 32.288248, 32.288248, 33.965026"
18F,1,"3.825748, 3.825748","33.091382, 33.091382"
18G,3,"4.116795, 4.110114, 4.110114, 4.180517, 4.180517, 4.376373","29.001299, 27.599903, 27.599903, 26.480952, 26.480952, 25.629314"
18H,4,"2.534786, 2.432501, 2.432501, 2.670117, 2.433431, 2.659398, 2.659398, 2.367092","-15.244677, -12.29048, -12.29048, -9.452875, -15.341247, -11.872156, -11.872156, -10.777534"
18I,15,"3.967157, 3.769037, 3.769037, 3.720806, 3.720806, 3.5488480000000004, 3.5488480000000004, 3.263896, 3.263896, 2.940458, 2.940458, 2.735375, 2.735375, 2.7517150000000004, 2.7517150000000004, 2.850645, 2.850645, 3.039863, 3.039863, 3.325278, 3.325278, 3.563132, 3.563132, 3.780804, 3.780804, 3.794347, 3.794347, 3.895195, 3.895195, 3.998745","-13.508515, -12.101589, -12.101589, -9.763395, -9.763395, -9.458262, -9.458262, -8.81973, -8.81973, -8.898144, -8.898144, -13.858695999999998, -13.858695999999998, -18.572563, -18.572563, -21.004019, -21.004019, -23.624472, -23.624472, -21.757864, -21.757864, -21.632883, -21.632883, -23.249723, -23.249723, -23.874677, -23.874677, -24.61223, -24.61223, -24.016215"
19A,8,"4.476943, 4.424828, 4.424828, 4.382247, 4.382247, 4.329889, 4.598677, 4.477705, 4.477705, 4.439094, 4.439094, 4.329889, 4.329889, 4.0113379999999985, 4.598677, 4.6545830000000015","19.180431, 17.92791, 17.92791, 17.542514, 17.542514, 15.627642000000002, 16.509301, 15.870883, 15.870883, 15.618265, 15.618265, 15.627642000000002, 15.627642000000002, 12.490347, 16.509301, 15.917977"
19B,1,"4.6545830000000015, 4.6545830000000015","15.917977, 15.917977"
19C,1,"4.438461, 4.422822","22.813583, 22.293874"
19D,8,"4.594239, 4.740508, 4.740508, 4.76715, 4.76715, 4.635961, 4.635961, 4.594239, 4.594239, 4.397729, 4.397729, 4.258905, 4.258905, 4.065723, 4.065723, 4.052606","10.16079, 11.146137, 11.146137, 11.705591, 11.705591, 12.510838, 12.510838, 10.16079, 10.16079, 9.460968, 9.460968, 8.892357, 8.892357, 8.197269, 8.197269, 5.989305"
19E,5,"5.460579, 5.321278, 5.321278, 5.257682, 5.257682, 5.132066, 5.132066, 5.051596, 5.051596, 4.704084","21.936965, 22.096494, 22.096494, 22.284858, 22.284858, 21.704821, 21.704821, 21.589962, 21.589962, 22.956926"
19F,4,"4.7713410000000005, 4.856239, 4.856239, 4.956206, 4.956206, 4.828912, 4.828912, 4.7713410000000005","18.734693, 18.839861, 18.839861, 17.153677, 17.153677, 15.904221, 15.904221, 18.734693"
19G,9,"4.3946809999999985, 4.565201999999998, 4.565201999999998, 4.569897, 4.569897, 4.569936, 4.569936, 4.556135, 4.556135, 4.485257, 4.485257, 4.239914, 4.239914, 4.288673, 4.288673, 4.254537, 4.254537, 4.3946809999999985","-3.74547, -6.738908, -6.738908, -8.231352000000001, -8.231352000000001, -8.970258, -8.970258, -10.785333, -10.785333, -13.04837, -13.04837, -10.256283, -10.256283, -6.4721769999999985, -6.4721769999999985, -7.652871, -7.652871, -3.74547"
19H,4,"4.9498940000000005, 5.27815, 5.27815, 5.992149, 5.992149, 5.995351, 5.995351, 5.438198000000001","33.166090000000004, 45.997991, 45.997991, 44.947433, 44.947433, 37.212585, 37.212585, 28.60745"
19I,2,"5.643913, 5.676641, 5.676641, 5.545465","30.492412, 31.358197, 31.358197, 32.192021999999994"
19J,2,"5.850675, 5.8581660000000015, 5.8581660000000015, 5.819567","37.305573, 39.14848, 39.14848, 39.181071"
19K,2,"5.10858, 5.032815, 5.032815, 5.041301","41.234474, 43.823308, 43.823308, 41.075837"
19L,4,"5.447578, 5.466926, 5.466926, 5.460801999999998, 5.460801999999998, 5.333589, 5.333589, 5.302935","33.262258, 33.763703, 33.763703, 34.475892, 34.475892, 33.958054, 33.958054, 33.371613"
19M,2,"5.380644, 5.363448, 5.363448, 5.337409","41.02926, 41.804572, 41.804572, 41.086212"
19N,1,"5.627413, 5.627413","21.142549, 21.142549"
19O,8,"5.161654, 5.076153, 5.076153, 4.939521, 4.939521, 4.913027, 4.913027, 4.914924, 4.914924, 4.843534, 4.843534, 4.830669, 4.830669, 4.853434, 4.853434, 4.904193","15.597232, 15.404105, 15.404105, 13.514466, 13.514466, 11.426006, 11.426006, 10.150833, 10.150833, 8.900176, 8.900176, 6.961276, 6.961276, 5.605104, 5.605104, 2.440672"
19P,8,"4.475589, 4.531296, 4.531296, 4.626703, 4.626703, 4.6053169999999986, 4.6053169999999986, 4.734811, 4.734811, 4.726318, 4.726318, 4.828402, 4.828402, 4.83656, 4.83656, 5.023772","1.380821, -0.044011, -0.044011, -2.473548, -2.473548, -3.352459, -3.352459, -8.503571, -8.503571, -8.794317, -8.794317, -13.769669, -13.769669, -16.217159, -16.217159, -20.051918"
19Q,12,"4.55849, 4.592512, 4.592512, 4.400613, 4.400613, 4.298237, 4.298237, 3.809963, 3.809963, 3.824237, 3.824237, 3.713908, 3.713908, 3.618244, 3.618244, 3.503773, 3.503773, 3.331944, 3.331944, 2.971023, 2.971023, 2.677781, 2.677781, 2.663326","-29.766492, -30.562341, -30.562341, -34.016846, -34.016846, -33.798348, -33.798348, -37.620155, -37.620155, -36.20025, -36.20025, -37.313518, -37.313518, -40.274545, -40.274545, -41.369937, -41.369937, -43.06978400000001, -43.06978400000001, -40.304672, -40.304672, -39.855375, -39.855375, -42.89167"
20A,2,"5.5856330000000005, 5.580344, 5.5856330000000005, 5.615108","9.934158, 9.489579, 9.934158, 9.290673"
20B,3,"5.88879, 5.966571, 5.966571, 6.068671, 6.068671, 6.065329","27.612262, 25.953912, 25.953912, 23.263341, 23.263341, 20.138452"
20C,8,"6.256304, 6.540885, 6.540885, 6.609121000000001, 6.609121000000001, 6.644317, 6.644317, 6.646995, 6.646995, 6.655507000000001, 6.655507000000001, 6.500826999999999, 6.500826999999999, 6.414973000000002, 6.414973000000002, 6.362811","29.498076, 32.454898, 32.454898, 38.4455, 38.4455, 39.390854, 39.390854, 39.902559, 39.902559, 42.488877, 42.488877, 46.685554, 46.685554, 49.287893, 49.287893, 53.452179"
21A,6,"5.919529, 5.679313, 5.679313, 5.603559, 5.603559, 5.533445, 5.533445, 5.242298, 5.533445, 5.418851, 5.679313, 5.795941","7.407063000000001, -1.942572, -1.942572, -1.20192, -1.20192, -0.299092, -0.299092, -8.20164, -0.299092, 6.349702, -1.942572, -9.669605"
21B,2,"5.589768, 5.589695, 5.589695, 5.5905510000000005","-4.838358, -5.41606, -5.41606, -5.9099010000000005"
21C,3,"5.15244, 5.023985, 5.023985, 5.130829, 5.130829, 5.293442","-8.754081, -7.173964999999999, -7.173964999999999, -5.086446, -5.086446, -6.844409"
21D,1,"5.091018, 5.340811","-22.371032, -21.239763"
21E,3,"5.204973000000002, 5.220522, 5.220522, 5.326257, 5.326257, 5.333062","-11.869219, -12.941291, -12.941291, -13.176788, -13.176788, -12.315585"
21F,3,"5.545504, 5.470756, 5.470756, 5.741057, 5.741057, 5.855357","-17.822289, -20.759441, -20.759441, -22.448382, -22.448382, -20.879089"
21G,1,"5.7038769999999985, 5.7038769999999985","-22.373715, -22.373715"
22A,9,"7.30155, 7.0684809999999985, 7.0684809999999985, 6.859178999999999, 6.859178999999999, 6.732202, 6.859178999999999, 6.482719, 6.482719, 6.3826730000000005, 6.482719, 6.628528, 6.628528, 7.0684809999999985, 6.628528, 6.754824, 6.3826730000000005, 6.247961","16.540383, 20.570297, 20.570297, 21.761148, 21.761148, 25.131124, 21.761148, 20.212133, 20.212133, 22.513586, 20.212133, 16.399252, 16.399252, 20.570297, 16.399252, 12.895591, 22.513586, 22.506799"
22B,1,"6.247961, 6.247961","22.506799, 22.506799"
22C,2,"7.655033, 7.452512, 7.452512, 7.416161","5.224993, 8.289315, 8.289315, 11.669524"
22D,2,"7.755277, 7.5766339999999985, 7.5766339999999985, 7.485195","28.026199, 31.888276, 31.888276, 31.78455"
22E,2,"7.335383, 7.3657949999999985, 7.3657949999999985, 7.4623240000000015","21.98232, 20.443658, 20.443658, 21.445247"
22F,4,"6.879816, 7.1856589999999985, 7.1856589999999985, 7.428779, 7.428779, 7.598708, 7.598708, 7.740792999999999","33.961254, 30.245163, 30.245163, 27.79808, 27.79808, 26.895741, 26.895741, 24.397993"
22G,1,"7.652760000000002, 7.652760000000002","34.584346000000004, 34.584346000000004"
22H,1,"8.10511, 8.10511","22.63549, 22.63549"
22I,4,"6.126201, 6.198999, 6.198999, 6.25698, 6.25698, 6.200911, 6.200911, 6.126201","14.768472, 14.208765, 14.208765, 16.143175, 16.143175, 16.130406, 16.130406, 14.768472"
22J,3,"7.927749, 7.768736, 7.768736, 7.657942, 7.657942, 7.560134","19.88397, 18.510043, 18.510043, 17.674519, 17.674519, 15.826662"
22K,3,"7.060575999999998, 6.788842, 6.788842, 6.548396, 6.548396, 6.396135","10.951817, 8.037253999999999, 8.037253999999999, 7.332965, 7.332965, 4.592865"
22L,13,"6.631506, 6.6113990000000005, 6.6113990000000005, 6.5842740000000015, 6.5842740000000015, 6.530935, 6.530935, 6.284331, 6.284331, 6.149407, 6.149407, 6.128233, 6.128233, 6.0830910000000005, 6.0830910000000005, 6.10259, 6.10259, 6.356865, 6.356865, 6.402867, 6.402867, 6.523068, 6.523068, 6.654644, 6.654644, 6.631506","-18.237478, -19.255879, -19.255879, -22.964793, -22.964793, -23.418422, -23.418422, -22.715229, -22.715229, -22.427412, -22.427412, -19.165866, -19.165866, -16.484435, -16.484435, -14.935254, -14.935254, -11.773238, -11.773238, -11.530088, -11.530088, -12.391953, -12.391953, -14.145764000000002, -14.145764000000002, -18.237478"
22M,1,"6.378329, 6.378329","-17.955918, -17.955918"
22N,1,"6.469503, 6.368564","-32.58007, -33.4364"
22O,1,"5.958947, 5.849329","-35.28328, -35.768309"
22P,1,"5.660817, 5.520209","-34.074108, -35.470519"
22Q,1,"7.534986, 7.197739","1.914481, -0.492764"
22R,1,"6.752481, 6.752481","-16.716116, -16.716116"
22S,10,"7.821571, 7.401584, 7.401584, 6.8306830000000005, 6.8306830000000005, 6.9770970000000005, 6.9770970000000005, 7.028652, 7.028652, 7.139857000000001, 7.139857000000001, 7.311802, 7.311802, 7.552716, 7.552716, 7.821571, 7.050408999999998, 7.139857000000001, 7.139857000000001, 7.401584","-24.859786, -29.303104, -29.303104, -32.508478000000004, -32.508478000000004, -28.972084, -28.972084, -27.93483, -27.93483, -26.3932, -26.3932, -24.954375, -24.954375, -24.710731, -24.710731, -24.859786, -23.833291, -26.3932, -26.3932, -29.303104"
22T,1,"6.399195, 6.399195","-52.69566, -52.69566"
23A,4,"8.526591999999999, 8.545139, 8.545139, 8.721430999999999, 8.721430999999999, 8.74475, 8.74475, 8.526591999999999","18.09442, 20.441162, 20.441162, 21.468501, 21.468501, 18.154309, 18.154309, 18.09442"
23B,1,"8.678669000000001, 8.678669000000001","19.719314, 19.719314"
23C,4,"8.525145, 8.446408, 8.446408, 8.334406, 8.334406, 8.342260000000001, 8.342260000000001, 8.525145","24.081105, 26.935489, 26.935489, 27.217707, 27.217707, 24.022314, 24.022314, 24.081105"
23D,6,"7.687454, 7.676533999999998, 7.687454, 7.534934, 7.687454, 7.799089, 7.799089, 7.765797, 7.765797, 7.673114, 7.673114, 7.563323","-9.551131, -8.18543, -9.551131, -8.881326, -9.551131, -12.192705, -12.192705, -14.563805, -14.563805, -15.26392, -15.26392, -14.523892000000002"
23E,6,"8.787496, 8.567116, 8.567116, 8.427676, 8.427676, 8.591166000000001, 8.591166000000001, 8.727882000000001, 8.727882000000001, 8.822702, 8.822702, 8.787496","-1.897033, -2.151555, -2.151555, -3.906424, -3.906424, -7.982292, -7.982292, -7.23373, -7.23373, -3.443023, -3.443023, -1.897033"
23F,1,"8.772927000000001, 8.772927000000001","-13.547720000000002, -13.547720000000002"
23G,5,"7.7542490000000015, 7.285711, 7.285711, 7.204392, 7.204392, 7.118633, 7.118633, 6.789278, 6.789278, 6.629353, 6.629353","-37.968584, -37.09747, -37.09747, -40.498808, -40.498808, -40.893268, -40.893268, -37.929698, -37.929698, -43.195934, -43.195934"
24A,7,"8.720410000000001, 8.645955, 8.645955, 8.627602, 8.627602, 8.779587, 8.779587, 8.807214, 8.807214, 8.92323, 8.92323, 9.099546, 9.099546, 9.239405","3.3986620000000003, 3.341435, 3.341435, 5.703782, 5.703782, 6.418809, 6.418809, 5.837812, 5.837812, 5.945563, 5.945563, 5.092316, 5.092316, 2.31428"
24B,2,"9.532428, 9.53266, 9.53266, 9.620185","11.299827, 9.715767, 9.715767, 6.835802"
25A,7,"9.45979, 9.485805, 9.485805, 9.533036, 9.533036, 9.664267, 9.45979, 9.341394, 9.341394, 9.329551, 9.329551, 9.527497, 9.45979, 9.527497","-8.658603, -2.768964, -2.768964, -1.184664, -1.184664, -1.14281, -8.658603, -9.555695, -9.555695, -11.974853, -11.974853, -10.552013, -8.658603, -10.552013"
25B,16,"9.010685, 9.108825, 9.108825, 9.314069, 9.314069, 9.350925, 9.350925, 9.611903, 9.611903, 9.725906, 9.725906, 9.410906, 9.410906, 9.528675, 9.528675, 9.764188, 9.764188, 9.879398, 9.879398, 10.278171, 10.278171, 10.332873, 10.332873, 10.122209, 10.122209, 10.139532, 10.139532, 9.685842999999998, 10.139532, 10.546853, 10.139532, 10.131742","41.782911, 38.452215, 38.452215, 36.802597, 36.802597, 34.392562, 34.392562, 31.161734000000006, 31.161734000000006, 29.974473, 29.974473, 26.182324, 26.182324, 22.967971, 22.967971, 23.774255, 23.774255, 26.006951, 26.006951, 23.417311, 23.417311, 19.841489000000006, 19.841489000000006, 16.762664, 16.762664, 11.967207, 11.967207, 9.892308, 11.967207, 9.306586, 11.967207, 9.997508"
25C,3,"10.464727, 10.431895, 10.431895, 10.645337, 10.645337, 10.888526","36.707212, 33.79612, 33.79612, 31.976237, 31.976237, 34.214871"
25D,2,"9.575736, 9.853898, 9.853898, 9.875121","-5.914948000000001, -4.24335, -4.24335, -8.105030000000001"
25E,5,"9.133268, 9.069248, 9.069248, 8.677103, 8.677103, 8.627399, 8.627399, 9.001505, 9.001505, 9.133268","-43.432589, -47.097737, -47.097737, -46.648744, -46.648744, -42.989081, -42.989081, -41.253605, -41.253605, -43.432589"
26A,6,"9.85797, 10.176467, 10.176467, 10.434842, 10.434842, 9.914503, 9.85797, 9.914503, 9.85797, 9.671768, 10.434842, 10.643043","-14.846603, -12.354083, -12.354083, -16.836289999999998, -16.836289999999998, -19.00936, -14.846603, -19.00936, -14.846603, -14.332292, -16.836289999999998, -16.876572"
26B,14,"9.830931, 9.487423, 9.487423, 9.525601, 9.525601, 9.386739, 9.386739, 9.16567, 9.16567, 9.329982, 9.329982, 9.262522, 9.262522, 8.668372999999999, 8.668372999999999, 8.726539, 8.726539, 8.842203999999997, 8.842203999999997, 9.134133, 9.134133, 9.35822, 9.35822, 9.498474, 9.498474, 9.736694, 9.736694, 9.830931","-36.268463, -35.951335, -35.951335, -31.871831, -31.871831, -28.833873, -28.833873, -30.365401, -30.365401, -34.103339, -34.103339, -37.413144, -37.413144, -35.308352, -35.308352, -33.186384999999994, -33.186384999999994, -27.709844, -27.709844, -25.858536, -25.858536, -25.965439, -25.965439, -26.589616, -26.589616, -27.769471000000006, -27.769471000000006, -36.268463"
27A,22,"11.806524, 11.611365, 11.611365, 11.410164, 11.410164, 11.054133, 11.054133, 10.838349, 11.410164, 11.452644, 11.452644, 11.644449, 11.644449, 11.322347, 11.322347, 11.414702, 11.933599, 11.746049, 11.746049, 11.414702, 11.414702, 10.996244, 10.996244, 10.827079, 11.746049, 11.389415, 11.389415, 10.996244, 11.389415, 11.194302, 11.194302, 11.494061, 11.494061, 11.088867, 11.088867, 11.145557, 11.927814, 11.53789, 11.53789, 11.145557, 11.145557, 10.620481, 10.620481, 10.222069","-10.313105, -9.802247, -9.802247, -10.859323, -10.859323, -11.30347, -11.30347, -8.897763000000003, -10.859323, -12.356749, -12.356749, -13.201943, -13.201943, -14.778541, -14.778541, -17.68401, -17.150829, -18.350674, -18.350674, -17.68401, -17.68401, -18.298783, -18.298783, -16.193648, -18.350674, -18.779973, -18.779973, -18.298783, -18.779973, -22.825847, -22.825847, -24.464011, -24.464011, -27.293612, -27.293612, -28.08067, -28.477103000000003, -29.261022, -29.261022, -28.08067, -28.08067, -27.412634000000004, -27.412634000000004, -27.028891"
27B,4,"11.002572, 10.945289, 10.945289, 10.391478, 10.391478, 10.245607, 10.391478, 9.981191","-42.225859, -37.137765, -37.137765, -38.009839, -38.009839, -42.121942, -38.009839, -35.89097299999999"
28A,7,"12.573121, 12.497739, 12.497739, 12.263437, 12.263437, 12.168746, 12.168746, 12.573121, 12.263437, 12.34268, 12.497739, 12.53451, 12.168746, 12.140225","-23.396759, -16.515432, -16.515432, -17.541929, -17.541929, -22.619766, -22.619766, -23.396759, -17.541929, -22.215901, -16.515432, -16.196007, -22.619766, -24.728875"
28B,1,"12.34268, 12.34268","-22.215901, -22.215901"
28C,1,"12.53451, 12.53451","-16.196007, -16.196007"
28D,1,"12.140225, 12.140225","-24.728875, -24.728875"
28E,1,"11.812524, 11.911816","-26.749777, -25.713887"
28F,3,"11.54837, 11.550038, 11.550038, 11.609706, 11.609706, 11.881813","-31.087226, -31.857625, -31.857625, -33.570057, -33.570057, -33.908124"
28G,7,"12.595987, 12.664594, 12.664594, 12.890607, 12.890607, 12.922067, 12.922067, 12.916269, 12.916269, 12.689723, 12.689723, 12.578448, 12.578448, 12.595987","-41.021945, -39.987302, -39.987302, -40.178872, -40.178872, -42.915732, -42.915732, -44.151968, -44.151968, -46.145581, -46.145581, -44.673018, -44.673018, -41.021945"
28H,27,"12.9099, 12.772981, 12.772981, 12.519429, 12.519429, 12.380403, 12.380403, 12.024784, 12.024784, 11.869537, 11.869537, 11.579355, 11.579355, 11.350117, 12.910889, 12.795359, 12.795359, 12.699051, 12.699051, 12.527871, 12.527871, 12.252427, 12.252427, 12.079242, 12.079242, 11.788654, 11.788654, 11.385596, 12.76055, 12.356031, 12.356031, 12.082564, 12.082564, 11.775232, 11.775232, 11.529464, 11.529464, 11.143165, 12.443311, 12.050447, 12.050447, 11.725332, 11.725332, 11.681568, 11.681568, 11.443174, 11.443174, 11.210005, 12.307298, 12.114687, 12.114687, 11.828077, 11.828077, 11.596363","-57.177924, -56.488815, -56.488815, -57.113212, -57.113212, -57.676132, -57.676132, -57.503777, -57.503777, -56.987741, -56.987741, -54.264091, -54.264091, -54.491019, -59.146701, -59.688764, -59.688764, -59.685819, -59.685819, -59.423922, -59.423922, -58.748928, -58.748928, -59.253287, -59.253287, -57.696498, -57.696498, -56.779355, -60.981318, -60.401147, -60.401147, -60.968252, -60.968252, -61.178398, -61.178398, -59.442061, -59.442061, -58.975037, -63.09909200000001, -63.31293, -63.31293, -62.489396, -62.489396, -62.090101, -62.090101, -61.11516700000001, -61.11516700000001, -60.317625, -64.00307099999999, -64.61373, -64.61373, -63.78847800000001, -63.78847800000001, -63.01984100000001"
H01,10,"17.250531, 17.512307999999994, 17.512307999999994, 17.774319000000006, 17.774319000000006, 18.125708, 18.125708, 18.761035, 18.761035, 19.090169, 19.090169, 18.936995, 18.936995, 18.355167, 18.355167, 17.983775, 17.983775, 17.626445, 17.626445, 17.172968","24.839204, 26.110645, 26.110645, 27.720676, 27.720676, 28.762488, 28.762488, 20.546308, 20.546308, 13.863478, 13.863478, 4.203595, 4.203595, -2.898825, -2.898825, -9.773632, -9.773632, -15.398557, -15.398557, -15.72491"
H02,10,"16.503667999999998, 16.365338, 16.365338, 16.134591, 16.134591, 15.940882, 15.940882, 15.769793, 15.769793, 15.580041, 15.580041, 15.737798000000002, 15.737798000000002, 15.846935, 15.846935, 16.239094, 16.239094, 16.305358, 16.305358, 16.619316","21.489613, 19.15313, 19.15313, 17.046979999999998, 17.046979999999998, 15.661617, 15.661617, 15.421826, 15.421826, 10.538867, 10.538867, 6.425627, 6.425627, 4.47773, 4.47773, -3.694323, -3.694323, -4.692511, -4.692511, -10.56709"
H03,6,"17.690243, 17.630754, 17.630754, 17.443856, 17.443856, 17.017667000000007, 17.017667000000007, 17.163319, 17.163319, 17.347128, 17.347128, 17.690243","-12.875307, -8.118771, -8.118771, -5.086596, -5.086596, -4.222644, -4.222644, -10.523301, -10.523301, -12.846875, -12.846875, -12.875307"
H04,1,"16.957222, 16.830563","-10.963373, -10.783"
H05,1,"17.724543, 17.798211","4.567303, 2.707276"
H06,3,"18.090913, 18.010754000000006, 18.029222, 18.090913, 18.090913, 18.004388","2.500099, 2.931568, 1.305076, 2.500099, 2.500099, 4.368615"
H07,1,"18.121767, 18.122496","8.733867, 9.563847"
H08,1,"18.148018, 18.039736","20.045233, 20.833632"
H09,1,"18.14597, 18.025113","20.814557, 21.595782"
H10,1,"17.582241, 17.582241","12.560035, 12.560035"
H11,1,"17.244127, 17.244127","14.390332999999998, 14.390332999999998"
H12,3,"16.922825, 17.052186, 17.052186, 17.066123, 17.066123, 17.089636","18.433213, 14.091947, 14.091947, 13.567420000000002, 13.567420000000002, 12.740828"
H13,1,"16.367875, 16.515229","1.029039, 1.983923"
H14,4,"16.961139000000006, 16.900131, 16.900131, 16.763859, 16.763859, 16.838717000000006, 16.838717000000006, 16.796227","9.375033, 10.165359, 10.165359, 8.582616, 8.582616, 7.247683, 7.247683, 5.246746"
H15,3,"16.677413, 16.758243, 16.758243, 17.275477, 17.275477, 17.441910999999998","4.219789, 1.020161, 1.020161, 1.210545, 1.210545, 4.14036"
H16,9,"15.85387, 15.548829, 15.548829, 15.463818, 15.463818, 15.578128, 15.578128, 15.712381, 15.712381, 15.826570000000002, 15.826570000000002, 15.959794, 15.959794, 16.024047, 16.024047, 16.017412, 16.017412, 15.85387","35.657382, 31.359133, 31.359133, 29.105703, 29.105703, 26.714693, 26.714693, 26.295637, 26.295637, 26.068394, 26.068394, 26.87788, 26.87788, 29.851061, 29.851061, 33.303509000000005, 33.303509000000005, 35.657382"
H17,6,"17.159238000000002, 16.714933, 16.714933, 16.423379999999998, 16.423379999999998, 15.929884, 15.929884, 15.408181, 15.408181, 15.032436, 15.032436, 14.534636","40.777033, 38.922254, 38.922254, 37.394079, 37.394079, 37.946958, 37.946958, 37.377167, 37.377167, 40.390566, 40.390566, 38.308253"
H18,8,"17.888341, 17.93755, 17.93755, 17.446153, 17.446153, 17.34432, 17.34432, 17.026767, 17.026767, 17.004827, 17.004827, 16.688113, 16.688113, 16.372618, 16.372618, 16.368287","40.007959, 37.250539, 37.250539, 34.695802, 34.695802, 32.467743, 32.467743, 33.56827, 33.56827, 30.926405, 30.926405, 31.602726, 31.602726, 33.799052, 33.799052, 30.891996"
H19,2,"17.250788, 17.294517000000006, 17.294517000000006, 17.394707999999998","36.809162, 37.291498, 37.291498, 37.145946"
P01,4,"15.345482999999998, 14.845104999999998, 14.845104999999998, 14.458758, 14.458758, 14.147498, 14.147498, 12.820496","71.834016, 74.155505, 74.155505, 75.695993, 75.695993, 77.547514, 77.547514, 83.412901"
P02,3,"14.838814, 12.255737, 12.255737, 10.495037, 10.495037, 11.530832","82.511944, 87.700115, 87.700115, 84.252009, 84.252009, 81.127257"
P03,1,"13.857205, 13.857205","64.723272, 64.723272"
P04,1,"13.691625, 13.691625","64.822411, 64.822411"
P05,7,"15.415494, 16.031532000000002, 16.031532000000002, 16.39986, 16.39986, 17.146448, 17.146448, 18.345955, 18.345955, 20.148145, 20.148145, 22.498047, 22.498047, 1.3963370000000002","58.966065, 58.565251, 58.565251, 61.514213, 61.514213, 65.714683, 65.714683, 71.337814, 71.337814, 77.71141899999998, 77.71141899999998, 78.824285, 78.824285, 78.726056"
P06,6,"14.073165, 12.558058, 12.558058, 11.523407, 11.523407, 9.574703, 9.574703, 7.022612, 7.022612, 5.206237000000002, 5.206237000000002, 3.198957","64.37585, 69.788238, 69.788238, 69.331076, 69.331076, 69.830343, 69.830343, 70.808296, 70.808296, 73.946674, 73.946674, 74.393659"
P07,1,"15.243926, 14.959743","67.346722, 65.93245999999999"
P08,5,"16.105475, 16.363536, 16.363536, 16.4664, 16.4664, 16.472542999999998, 16.472542999999998, 16.207047, 16.207047, 16.105475","67.81013399999999, 69.109391, 69.109391, 68.768137, 68.768137, 67.044, 67.044, 67.144176, 67.144176, 67.81013399999999"
P09,1,"17.698978, 17.698978","72.148843, 72.148843"
P10,1,"18.350736, 18.350736","72.732843, 72.732843"
P11,3,"17.824154999999994, 18.772849, 18.772849, 19.152716, 19.152716, 18.495823","76.96288100000002, 75.433964, 75.433964, 76.560502, 76.560502, 77.54706800000002"
P12,5,"20.470687, 20.490931, 20.490931, 20.79265, 20.79265, 21.222665, 21.222665, 20.709755, 20.709755, 20.470687","81.422708, 81.091277, 81.091277, 80.552262, 80.552262, 81.230972, 81.230972, 82.53115799999998, 82.53115799999998, 81.422708"
P13,1,"15.777772, 15.515514","62.599557, 64.20869300000001"
P14,5,"22.850818, 1.145613, 1.145613, 2.52975, 2.52975, 17.536918, 17.536918, 16.766159, 16.766159, 15.734298999999998","85.373739, 86.25709, 86.25709, 89.26410899999998, 89.26410899999998, 86.58646, 86.58646, 82.037262, 82.037262, 77.794493"
P15,6,"2.157062, 2.279251, 2.279251, 0.914667, 0.914667, 0.663247, 0.663247, 0.452034, 0.452034, 1.204601, 1.204601, 2.157062","81.29594499999997, 83.561414, 83.561414, 83.707435, 83.707435, 82.493762, 82.493762, 80.052141, 80.052141, 79.673963, 79.673963, 81.29594499999997"
P16,1,"23.44999, 23.44999","87.30750400000002, 87.30750400000002"
P17,4,"22.791378, 22.906789, 22.791378, 21.970404, 22.791378, 23.940996, 22.791378, 22.433383","83.15383, 84.346177, 83.15383, 82.869485, 83.15383, 83.19111600000002, 83.15383, 80.701595"
P18,6,"2.032644, 2.866319, 2.866319, 2.7471330000000003, 2.7471330000000003, 2.484437, 2.484437, 1.933337, 1.933337, 1.715493, 1.715493, 1.6419259999999998","70.90701999999997, 68.888497, 68.888497, 67.82463, 67.82463, 67.402474, 67.402474, 68.685242, 68.685242, 70.62252600000002, 70.62252600000002, 73.04004"
P19,8,"4.167439, 3.195229, 3.195229, 2.796568, 2.796568, 2.21388, 2.21388, 2.049177, 2.049177, 2.085315, 2.085315, 2.092103, 2.092103, 2.052914, 2.052914, 2.057268","80.69868100000002, 81.47071, 81.47071, 81.448475, 81.448475, 79.69154, 79.69154, 77.916263, 77.916263, 77.281341, 77.281341, 76.11506, 76.11506, 73.85056999999998, 73.85056999999998, 72.42129399999997"
P20,8,"4.344541, 4.110785, 4.110785, 3.825357, 3.825357, 3.411267, 3.411267, 1.795668, 1.795668, 1.35145, 1.35145, 1.190428, 1.190428, 0.975285, 0.975285, 0.845442","65.14044100000001, 65.520798, 65.520798, 65.525972, 65.525972, 64.585996, 64.585996, 63.852501, 63.852501, 64.65813100000001, 64.65813100000001, 64.20267700000001, 64.20267700000001, 66.351793, 66.351793, 64.24754899999999"
P21,4,"9.04242, 7.777792999999999, 7.777792999999999, 7.5146380000000015, 8.67024, 8.213552, 8.213552, 7.457178","67.62961899999999, 65.455676, 65.455676, 68.465621, 64.327936, 68.47407199999999, 68.47407199999999, 66.331571"
P22,4,"19.80285, 19.344467, 19.344467, 18.433069, 18.625974, 19.209225, 19.209225, 20.04696","70.26793, 65.71453100000001, 65.71453100000001, 65.56348, 62.526591, 67.661541, 67.661541, 67.873565"
P23,8,"6.298563, 5.502835, 5.502835, 5.707347, 5.707347, 4.900836, 4.900836, 4.868109, 4.868109, 5.05697, 5.05697, 5.9160629999999985, 5.9160629999999985, 6.327052, 6.327052, 6.298563","61.515286, 63.06721999999999, 63.06721999999999, 65.697649, 65.697649, 66.342678, 66.342678, 63.505421, 63.505421, 60.44224499999999, 60.44224499999999, 59.888367, 59.888367, 59.010964, 59.010964, 61.515286"
P24,4,"17.892134, 17.537767000000002, 17.537767000000002, 17.507213, 17.507213, 17.943437, 17.943437, 17.657747","56.872643, 55.172958, 55.172958, 52.301387, 52.301387, 51.488895, 51.488895, 46.006332"
P25,4,"15.024195, 14.528567, 14.528567, 14.512832, 14.857362, 14.700889000000002, 14.700889000000002, 13.958911","60.204453, 60.225636, 60.225636, 63.185788, 59.293985, 61.26191600000001, 61.26191600000001, 61.492861"
P26,1,"12.792873, 12.924598","66.790304, 65.438474"
P27,5,"9.525453, 9.849867, 9.849867, 9.868433, 9.868433, 9.547715, 9.547715, 9.147863, 9.147863, 9.066778","63.061861, 59.038735, 59.038735, 54.06433199999999, 54.06433199999999, 51.6773, 51.6773, 51.604648, 51.604648, 54.283887"
P28,2,"10.69908, 10.402182, 10.402182, 10.507396","65.71628, 65.566423, 65.566423, 64.257689"
P29,1,"11.161062, 11.161062","44.498487, 44.498487"
P30,6,"10.586017, 10.510461, 10.510461, 10.651581, 10.651581, 10.892911, 10.892911, 10.853067, 10.853067, 10.728702, 10.728702, 10.586017","57.082637, 55.980536, 55.980536, 53.6683, 53.6683, 54.58512800000001, 54.58512800000001, 56.58225, 56.58225, 57.199203, 57.199203, 57.082637"
P31,1,"11.767515, 11.767515","47.779406, 47.779406"
P32,4,"11.695418, 11.43254, 11.43254, 11.212347, 11.212347, 11.584695, 11.584695, 11.695418","55.172011, 55.850459, 55.850459, 54.894287, 54.894287, 54.785419, 54.785419, 55.172011"
P33,1,"12.500815, 12.500815","51.535631, 51.535631"
P34,2,"13.57425, 13.304034, 13.304034, 13.437943","49.015973, 49.682062, 49.682062, 46.028055"
P35,1,"14.273074, 14.273074","46.088305, 46.088305"
P36,4,"11.782116, 11.495446, 11.495446, 11.674287, 11.674287, 11.932892, 11.932892, 11.782116","55.62819, 56.737573, 56.737573, 57.970404, 57.970404, 56.59856, 56.59856, 55.62819"
P37,6,"11.062155, 11.030677, 11.030677, 11.897168, 11.897168, 12.257086, 12.257086, 12.900472, 12.900472, 13.398747, 13.398747, 13.792354","61.75103299999999, 56.382427, 56.382427, 53.69476, 53.69476, 57.032617, 57.032617, 55.959821, 55.959821, 54.925362, 54.925362, 49.313265"
P38,1,"13.420413, 13.420413","54.987958, 54.987958"
P39,2,"14.419967000000002, 14.269439000000002, 14.269439000000002, 14.224718","51.850744, 51.367231, 51.367231, 51.789965"
S01,4,"12.331766, 12.694345, 12.694345, 12.926725, 12.926725, 13.036278, 13.036278, 13.166469","-0.6668029999999999, -1.449375, -1.449375, 3.39747, 3.39747, 10.95915, 10.95915, 17.529431"
S02,4,"11.844922, 11.352276, 11.352276, 11.398736, 11.398736, 11.237335, 11.237335, 11.235138","1.764718, 6.0293220000000005, 6.0293220000000005, 10.529509, 10.529509, 15.429570000000002, 15.429570000000002, 20.523717"
S03,1,"12.339161, 12.339161","3.312574, 3.312574"
S04,2,"12.760294, 12.860247, 12.860247, 12.639557","7.6733259999999985, 3.056788, 3.056788, 1.854662"
S05,2,"12.815059, 12.787123, 12.787123, 12.698071","14.122584, 11.958088, 11.958088, 10.235625"
S06,4,"12.888263, 12.652031, 12.652031, 12.495344, 12.495344, 12.345286, 12.345286, 12.266719","21.244943, 21.062559, 21.062559, 20.896109, 20.896109, 17.792868, 17.792868, 14.899071"
S07,3,"11.754733, 11.764322, 11.764322, 12.014553, 12.014553, 12.086817","8.258119, 6.529376, 6.529376, 6.6143220000000005, 6.6143220000000005, 8.732985000000001"
S08,4,"11.927926, 11.817663, 11.817663, 11.753173, 11.820774, 11.817663, 11.817663, 11.848706","15.646818, 14.57206, 14.57206, 14.263335, 16.242882, 14.57206, 14.57206, 12.279037"
S09,1,"12.071277, 12.071277","21.459153, 21.459153"
S10,1,"11.799762, 11.799762","20.218931, 20.218931"
S11,1,"11.679742, 11.679742","21.35273, 21.35273"
S12,1,"12.933468, 12.933468","38.314912, 38.314912"
S13,1,"11.253397, 11.253397","23.095502, 23.095502"
S14,6,"12.27504, 11.971927, 11.971927, 11.988205, 11.988205, 12.027635, 12.027635, 11.828258, 11.828258, 11.684171, 11.684171, 11.565639","33.061527000000005, 32.330647, 32.330647, 33.167004, 33.167004, 36.042086, 36.042086, 34.931758, 34.931758, 34.201635, 34.201635, 36.815614"
S15,18,"12.308781, 12.448966, 12.308781, 12.291827, 12.291827, 12.448966, 12.448966, 12.440017999999998, 12.440017999999998, 12.324873, 12.324873, 12.200281, 12.200281, 12.291827, 12.477265, 12.449805, 12.449805, 12.3388, 12.3388, 12.179471, 12.179471, 12.200281, 12.440017999999998, 12.449805, 12.477265, 12.481863, 12.481863, 12.405146, 12.405146, 12.375087, 12.375087, 12.338267, 12.338267, 12.19755, 12.19755, 12.179471","30.249047, 28.268423, 30.249047, 28.937189, 28.937189, 28.268423, 28.268423, 27.268237, 27.268237, 28.156916, 28.156916, 28.536313, 28.536313, 28.937189, 26.226959, 26.825699, 26.825699, 26.619482, 26.619482, 27.281505, 27.281505, 28.536313, 27.268237, 26.825699, 26.226959, 25.912852, 25.912852, 26.098606, 26.098606, 25.84616, 25.84616, 26.001875, 26.001875, 25.87028, 25.87028, 27.281505"
S16,2,"11.615814, 11.505248, 11.505248, 11.277695","-0.823749, -3.003501, -3.003501, -3.651601"
S17,2,"11.233842999999998, 11.083619, 11.083619, 11.012445","8.060694999999999, 7.336007, 7.336007, 6.101449"
S18,3,"10.764416, 10.831591, 10.831591, 10.92689, 10.92689, 11.038827","30.682313, 27.973948, 27.973948, 24.749718, 24.749718, 20.179842"
S19,3,"10.7236, 10.773484, 10.773484, 10.773689, 10.773689, 10.820953","23.188404, 18.891523, 18.891523, 14.194645, 14.194645, 10.545202"
S20,1,"8.986828, 9.060427","48.041826, 47.156525"
S21,1,"10.284952, 10.372155","42.914365, 41.499516"
S22,1,"11.307983, 11.303118","33.094306, 31.528783"
S23,5,"8.986828, 9.060427, 9.060427, 10.284952, 10.284952, 10.372155, 10.372155, 11.307983, 11.307983, 11.303118","48.041826, 47.156525, 47.156525, 42.914365, 42.914365, 41.499516, 41.499516, 33.094306, 33.094306, 31.528783"
